molecule_id,chemSpiderId,len_molecule,valid_prob,sol_prob,d_min,d_min_cl,find_rate
287,6089,2,1.0,0.985197,1.3333333333333335,1.3333333333333335,1.0
3228,8960,2,1.0,1.0,1.3333333333333335,1.3333333333333335,1.0
288,748,2,1.0,0.985065,1.9436506316151003,1.9436506316151003,1.0
3483,9479,2,1.0,1.0,1.9436506316151003,1.9436506316151003,1.0
283,6085,2,1.0,1.0,1.6666666666666667,1.6666666666666667,1.0
0,692,2,1.0,0.999872,1.6666666666666667,1.6666666666666667,1.0
282,6084,2,1.0,1.0,1.4142135623730951,1.4142135623730951,1.0
2247,64640,2,1.0,0.999871,1.4142135623730951,1.4142135623730951,1.0
284,6086,2,1.0,1.0,1.9436506316151003,1.9436506316151003,1.0
281,6083,2,1.0,0.999711,1.4142135623730951,1.4142135623730951,1.0
289,855,2,1.0,0.999864,1.4142135623730951,1.4142135623730951,1.0
285,6087,2,1.0,0.999716,1.4142135623730951,1.4142135623730951,1.0
154,5837,3,0.951469,0.893391,1.3333333333333335,1.3333333333333335,1.0
3484,9480,3,0.913289,0.878763,1.3333333333333335,1.3333333333333335,1.0
293,6095,3,0.523466,0.060762,1.4142135623730951,1.4142135623730951,1.0
303,10606585,3,0.744527,0.68237,1.6666666666666667,1.6666666666666667,1.0
290,2916,3,0.701713,0.63942,1.6666666666666667,1.6666666666666667,1.0
3322,9243,3,0.902037,0.813459,1.4142135623730951,1.4142135623730951,1.0
2748,274,3,0.340066,0.340066,2.23606797749979,2.23606797749979,1.0
297,21171184,3,0.340519,0.340519,2.23606797749979,2.23606797749979,1.0
191,682,3,0.913895,0.818947,1.4142135623730951,1.4142135623730951,1.0
295,172,3,0.870621,0.814742,1.4142135623730951,1.4142135623730951,1.0
301,6112,3,0.902975,0.902975,1.6666666666666667,1.6666666666666667,1.0
2379,7954,3,0.914112,0.819349,1.4142135623730951,1.4142135623730951,1.0
86,1143,4,1.0,0.99997,1.3333333333333335,1.3333333333333335,1.0
87,5756,4,1.0,0.97105,1.3333333333333335,1.3333333333333335,1.0
155,173,4,1.0,0.984317,1.3333333333333335,1.3333333333333335,1.0
179,2005981,4,1.0,0.99996,1.3333333333333335,1.3333333333333335,1.0
309,6123,4,1.0,0.970995,1.3333333333333335,1.3333333333333335,1.0
1728,7563,4,1.0,0.999899,1.3333333333333335,1.3333333333333335,1.0
1729,7564,4,1.0,0.984517,1.3333333333333335,1.3333333333333335,1.0
1730,13835977,4,1.0,0.999961,1.3333333333333335,1.3333333333333335,1.0
1732,13835550,4,1.0,0.999909,1.3333333333333335,1.3333333333333335,1.0
3019,13835336,4,1.0,0.99996,1.3333333333333335,1.3333333333333335,1.0
2696,512,4,1.0,0.999825,1.4142135623730951,1.4142135623730951,1.0
1720,11719,4,1.0,0.999876,1.4142135623730951,1.4142135623730951,1.0
308,6122,4,1.0,0.999876,1.4142135623730951,1.4142135623730951,1.0
3168,558928,4,1.0,0.999892,1.9436506316151003,1.9436506316151003,1.0
1724,13836674,4,1.0,0.999826,1.6666666666666667,1.6666666666666667,1.0
3197,8895,4,1.0,0.999999,1.6666666666666667,1.6666666666666667,1.0
1727,31029,4,1.0,0.999725,1.4142135623730951,1.4142135623730951,1.0
317,6131,4,1.0,1.0,2.23606797749979,2.23606797749979,1.0
232,659,4,1.0,0.99969,1.4142135623730951,1.4142135623730951,1.0
307,6121,4,1.0,0.999888,1.4142135623730951,1.4142135623730951,1.0
469,6330,5,0.951967,0.535479,1.3333333333333335,1.3333333333333335,1.0
1900,7716,5,0.970601,0.685862,1.3333333333333335,1.3333333333333335,1.0
327,6145,5,0.965918,0.764527,1.3333333333333335,1.3333333333333335,1.0
97,5008,5,0.896299,0.762199,1.3333333333333335,1.3333333333333335,1.0
465,3,5,0.960382,0.578788,1.3333333333333335,1.3333333333333335,1.0
68,730,5,0.551234,0.070233,1.3333333333333335,1.3333333333333335,1.0
460,13849260,5,0.994206,0.982365,1.3333333333333335,1.3333333333333335,1.0
1902,415,5,0.936727,0.845861,1.3333333333333335,1.3333333333333335,1.0
1906,7723,5,0.969219,0.874969,1.3333333333333335,1.3333333333333335,1.0
1909,7727,5,0.954978,0.858537,1.3333333333333335,1.3333333333333335,1.0
1903,13884495,5,0.551598,0.254416,1.6666666666666667,1.6666666666666667,1.0
3327,9250,5,0.952917,0.943894,1.4142135623730951,1.4142135623730951,1.0
458,6317,5,0.705612,0.661362,1.6666666666666667,1.6666666666666667,1.0
1894,7711,5,0.712032,0.223514,1.4142135623730951,1.4142135623730951,1.0
337,6157,5,0.8904,0.881063,1.4142135623730951,1.4142135623730951,1.0
3326,9249,5,0.942951,0.940705,1.4142135623730951,1.4142135623730951,1.0
1893,7710,5,0.71396,0.65627,1.6666666666666667,1.6666666666666667,1.0
472,6334,5,0.80365,0.702204,1.4142135623730951,1.4142135623730951,1.0
150,3168,5,0.863174,0.735377,1.4142135623730951,1.4142135623730951,1.0
1914,7732,5,0.790243,0.250404,1.4142135623730951,1.4142135623730951,1.0
488,2058248,6,0.741422,0.661977,1.3333333333333335,1.3333333333333335,1.0
1770,7606,6,0.954843,0.77871,1.3333333333333335,1.3333333333333335,1.0
1776,234,6,0.916482,0.787183,1.3333333333333335,1.3333333333333335,1.0
487,6346,6,0.951449,0.611715,1.3333333333333335,1.3333333333333335,1.0
3231,582,6,0.853119,0.752196,1.3333333333333335,1.3333333333333335,1.0
1170,2070,6,0.568093,0.052182,1.3333333333333335,1.3333333333333335,1.0
1781,59443,6,0.971236,0.573086,1.3333333333333335,1.3333333333333335,1.0
2209,66243,6,0.917494,0.707537,1.3333333333333335,1.3333333333333335,1.0
2168,61591,6,0.911421,0.718168,1.3333333333333335,1.3333333333333335,1.0
2136,64234,6,0.849185,0.722741,1.3333333333333335,1.3333333333333335,1.0
2173,10341,6,0.901657,0.616916,1.4142135623730951,1.4142135623730951,1.0
1147,7010,6,0.937545,0.924261,1.4142135623730951,1.4142135623730951,1.0
490,56121,6,0.843142,0.658182,1.4142135623730951,1.4142135623730951,1.0
1956,7765,6,0.816476,0.797934,1.6666666666666667,1.6666666666666667,1.0
486,6345,6,0.339542,0.339542,2.23606797749979,2.23606797749979,1.0
1168,7029,6,0.801214,0.78364,1.6666666666666667,1.6666666666666667,1.0
194,59525,6,0.973062,0.965457,1.4142135623730951,1.4142135623730951,1.0
342,6163,6,0.955312,0.953884,1.4142135623730951,1.4142135623730951,1.0
1983,7788,6,0.815668,0.693904,1.6666666666666667,1.6666666666666667,1.0
1989,60330,6,0.903013,0.903013,1.6666666666666667,1.6666666666666667,1.0
1785,7620,7,0.995252,0.849412,1.3333333333333335,1.3333333333333335,1.0
1889,30037,7,0.948099,0.885917,1.3333333333333335,1.3333333333333335,1.0
70,5736,7,0.725171,0.023212,1.3333333333333335,1.3333333333333335,1.0
1888,1266393,7,0.937019,0.049385,1.3333333333333335,1.3333333333333335,1.0
2228,3320,7,0.833411,0.078345,1.3333333333333335,1.3333333333333335,1.0
1790,89452,7,0.997352,0.910693,1.3333333333333335,1.3333333333333335,1.0
1862,7690,7,0.763083,0.013046,1.3333333333333335,1.3333333333333335,1.0
2028,7821,7,0.952351,0.203573,1.3333333333333335,1.3333333333333335,1.0
3408,9389,7,0.605627,0.007237,1.3333333333333335,1.3333333333333335,1.0
3263,64231,7,0.928035,0.89189,1.3333333333333335,1.3333333333333335,1.0
215,5949,7,0.875326,0.134098,1.4142135623730951,1.4142135623730951,1.0
2387,7963,7,0.948469,0.897574,1.4142135623730951,1.4142135623730951,1.0
399,21106033,7,0.977388,0.975239,1.4142135623730951,1.4142135623730951,1.0
1597,13867413,7,0.592241,0.013757,1.4142135623730951,1.4142135623730951,1.0
1596,83714,7,0.597345,0.084044,1.6666666666666667,1.6666666666666667,1.0
3334,9254,7,0.473916,0.024746,1.9436506316151003,1.9436506316151003,1.0
2598,8159,7,0.931283,0.896059,1.4142135623730951,1.4142135623730951,1.0
2729,21106561,7,0.929127,0.891692,1.6666666666666667,1.6666666666666667,1.0
3331,55055,7,0.598076,0.387961,1.9436506316151003,1.9436506316151003,1.0
1891,7706,7,0.933539,0.833792,1.4142135623730951,1.4142135623730951,1.0
1812,13836283,8,1.0,0.999927,1.3333333333333335,1.3333333333333335,1.0
2734,13835579,8,1.0,0.999873,1.3333333333333335,1.3333333333333335,1.0
1685,13835179,8,1.0,0.999983,1.3333333333333335,1.3333333333333335,1.0
1811,13860692,8,1.0,0.996701,1.3333333333333335,1.3333333333333335,1.0
2714,4575589,8,1.0,0.999898,1.3333333333333335,1.3333333333333335,1.0
2690,392,8,1.0,0.999942,1.3333333333333335,1.3333333333333335,1.0
2925,21111815,8,1.0,0.999972,1.3333333333333335,1.3333333333333335,1.0
3229,8962,8,1.0,0.986582,1.3333333333333335,1.3333333333333335,1.0
405,6257,8,1.0,0.999986,1.3333333333333335,1.3333333333333335,1.0
271,6051,8,1.0,0.986047,1.3333333333333335,1.3333333333333335,1.0
2054,13876621,8,1.0,0.999957,1.6666666666666667,1.6666666666666667,1.0
2720,29012,8,1.0,0.999689,1.4142135623730951,1.4142135623730951,1.0
1672,13868640,8,1.0,0.999905,1.9436506316151003,1.9436506316151003,1.0
2622,21159479,8,1.0,0.999952,1.4142135623730951,1.4142135623730951,1.0
1677,7521,8,1.0,0.999933,1.4142135623730951,1.4142135623730951,1.0
2059,7840,8,1.0,0.999796,1.4142135623730951,1.4142135623730951,1.0
1613,13856579,8,1.0,0.999669,1.4142135623730951,1.4142135623730951,1.0
1683,13875219,8,1.0,0.999969,1.9436506316151003,1.9436506316151003,1.0
2924,21105999,8,1.0,0.999946,1.4142135623730951,1.4142135623730951,1.0
3410,9392,8,1.0,1.0,2.23606797749979,2.23606797749979,1.0
51,2241,9,0.526228,0.043594,1.3333333333333335,1.3333333333333335,1.0
1834,7667,9,0.658208,0.554529,1.3333333333333335,1.3333333333333335,1.0
1561,7433,9,0.834465,0.695705,1.3333333333333335,1.3333333333333335,1.0
63,5729,9,0.826666,0.570676,1.3333333333333335,1.3333333333333335,1.0
1136,6994,9,0.633995,0.324249,1.3333333333333335,1.3333333333333335,1.0
2223,411,9,0.589637,0.28121,1.3333333333333335,1.3333333333333335,1.0
1350,59406,9,0.654585,0.340358,1.3333333333333335,1.3333333333333335,1.0
855,13860775,9,0.72757,0.628802,1.3333333333333335,1.3333333333333335,1.0
3379,9298,9,0.800596,0.698696,1.3333333333333335,1.3333333333333335,1.0
37,2798,9,0.585273,0.082402,1.3333333333333335,1.3333333333333335,1.0
20,3268,9,0.494109,0.325096,1.6666666666666667,1.6666666666666667,1.0
1139,1668,9,0.410386,0.269062,1.9436506316151003,1.9436506316151003,1.0
2676,28982,9,0.743583,0.572508,1.4142135623730951,1.4142135623730951,1.0
423,59605,9,0.729582,0.359538,1.4142135623730951,1.4142135623730951,1.0
397,6246,9,0.741319,0.688592,1.4142135623730951,1.4142135623730951,1.0
1695,60300,9,0.909495,0.892459,1.4142135623730951,1.4142135623730951,1.0
3018,8514,9,0.574149,0.108286,1.4142135623730951,1.4142135623730951,1.0
2674,28981,9,0.820525,0.764657,1.4142135623730951,1.4142135623730951,1.0
3192,13881169,9,0.417531,0.024365,1.6666666666666667,1.6666666666666667,1.0
1353,21106135,9,0.594147,0.295738,1.4142135623730951,1.4142135623730951,1.0
2492,60402,10,0.707216,0.354009,1.3333333333333335,1.3333333333333335,1.0
1441,1549,10,0.466194,0.020822,1.3333333333333335,1.3333333333333335,1.0
1082,60127,10,0.822509,0.239123,1.3333333333333335,1.3333333333333335,1.0
276,185,10,0.628605,0.030043,1.3333333333333335,1.3333333333333335,1.0
2286,63911,10,0.648742,0.029113,1.3333333333333335,1.3333333333333335,1.0
1442,21106028,10,0.712332,0.036469,1.3333333333333335,1.3333333333333335,1.0
3164,8722,10,0.636765,0.085927,1.3333333333333335,1.3333333333333335,1.0
1068,21106580,10,0.688934,0.5137,1.3333333333333335,1.3333333333333335,1.0
1440,60250,10,0.924745,0.226434,1.3333333333333335,1.3333333333333335,1.0
2571,13869579,10,0.736858,0.198355,1.3333333333333335,1.3333333333333335,1.0
1587,60283,10,0.491263,0.318425,1.9436506316151003,1.9436506316151003,1.0
2314,7877,10,0.822758,0.455999,1.4142135623730951,1.4142135623730951,1.0
894,906,10,0.539109,0.496206,1.9436506316151003,1.9436506316151003,1.0
1923,7740,10,0.863761,0.787947,1.4142135623730951,1.4142135623730951,1.0
1629,2016968,10,0.75787,0.704816,1.6666666666666667,1.6666666666666667,1.0
438,6296,10,0.927653,0.879725,1.4142135623730951,1.4142135623730951,1.0
1704,13882938,10,0.660364,0.107561,1.4142135623730951,1.4142135623730951,1.0
1081,60126,10,0.559398,0.161838,1.6666666666666667,1.6666666666666667,1.0
3349,61042,10,0.414364,0.217457,1.9436506316151003,1.9436506316151003,1.0
2887,21111781,10,0.517222,0.029181,1.4142135623730951,1.4142135623730951,1.0
2942,2006073,11,0.600987,0.053243,1.3333333333333335,1.3333333333333335,1.0
513,59146,11,0.579388,0.021745,1.3333333333333335,1.3333333333333335,1.0
1252,60188,11,0.647023,0.530548,1.3333333333333335,1.3333333333333335,1.0
1432,7322,11,0.764435,0.558135,1.3333333333333335,1.3333333333333335,1.0
1445,13869661,11,0.796134,0.507549,1.3333333333333335,1.3333333333333335,1.0
2323,60343,11,0.778703,0.125376,1.3333333333333335,1.3333333333333335,1.0
56,4496,11,0.773644,0.362261,1.3333333333333335,1.3333333333333335,1.0
188,5142,11,0.664862,0.52073,1.3333333333333335,1.3333333333333335,1.0
833,3933,11,0.734502,0.531357,1.3333333333333335,1.3333333333333335,1.0
2949,8415,11,0.642731,0.193773,1.3333333333333335,1.3333333333333335,1.0
678,6552,11,0.582521,0.533457,1.9436506316151003,1.9436506316151003,1.0
1245,7116,11,0.539808,0.454373,1.9436506316151003,1.9436506316151003,1.0
3137,8431,11,0.71178,0.558,1.6666666666666667,1.6666666666666667,1.0
2295,13673,11,0.709567,0.278005,1.4142135623730951,1.4142135623730951,1.0
3274,9075,11,0.547709,0.471265,1.9436506316151003,1.9436506316151003,1.0
3575,91500,11,0.522843,0.417895,1.9436506316151003,1.9436506316151003,1.0
2320,7882,11,0.93775,0.672863,1.4142135623730951,1.4142135623730951,1.0
1374,7276,11,0.77075,0.527978,1.4142135623730951,1.4142135623730951,1.0
912,60044,11,0.789645,0.557773,1.4142135623730951,1.4142135623730951,1.0
3447,9413,11,0.483727,0.333943,1.9436506316151003,1.9436506316151003,1.0
189,5910,12,0.581671,0.040217,1.3333333333333335,1.3333333333333335,1.0
1236,60181,12,0.477723,0.015392,1.3333333333333335,1.3333333333333335,1.0
787,6667,12,0.436906,0.006359,1.3333333333333335,1.3333333333333335,1.0
799,59990,12,0.599,0.372408,1.3333333333333335,1.3333333333333335,1.0
3399,119985,12,0.575069,0.370162,1.3333333333333335,1.3333333333333335,1.0
1434,60244,12,0.628725,0.186322,1.3333333333333335,1.3333333333333335,1.0
1235,60180,12,0.436462,0.006501,1.3333333333333335,1.3333333333333335,1.0
1232,7104,12,0.638289,0.404487,1.3333333333333335,1.3333333333333335,1.0
736,21106112,12,0.650162,0.377841,1.3333333333333335,1.3333333333333335,1.0
2202,10395,12,0.647033,0.050725,1.3333333333333335,1.3333333333333335,1.0
1430,7320,12,0.895129,0.79636,1.4142135623730951,1.4142135623730951,1.0
2861,8301,12,0.345818,0.010919,1.9436506316151003,1.9436506316151003,1.0
3180,8807,12,0.548334,0.492427,1.9436506316151003,1.9436506316151003,1.0
952,60074,12,0.701711,0.362253,1.4142135623730951,1.4142135623730951,1.0
3556,21168776,12,0.503512,0.010822,1.4142135623730951,1.4142135623730951,1.0
1627,7487,12,0.895531,0.749758,1.4142135623730951,1.4142135623730951,1.0
30,5622,12,0.726165,0.391669,1.4142135623730951,1.4142135623730951,1.0
1229,7101,12,0.869676,0.836396,1.4142135623730951,1.4142135623730951,1.0
809,13865683,12,0.442448,0.248556,1.9436506316151003,1.9436506316151003,1.0
957,56131,12,0.677967,0.421492,1.6666666666666667,1.6666666666666667,1.0
1073,60122,13,0.971597,0.614625,1.3333333333333335,1.3333333333333335,1.0
868,6748,13,0.74075,0.009778,1.3333333333333335,1.3333333333333335,1.0
3123,60694,13,0.977715,0.26212,1.3333333333333335,1.3333333333333335,1.0
966,6835,13,0.739612,0.008032,1.3333333333333335,1.3333333333333335,1.0
1228,60176,13,0.945136,0.797748,1.3333333333333335,1.3333333333333335,1.0
790,59986,13,0.826196,0.611539,1.3333333333333335,1.3333333333333335,1.0
1026,60106,13,0.814297,0.63929,1.3333333333333335,1.3333333333333335,1.0
519,59828,13,0.960874,0.605585,1.3333333333333335,1.3333333333333335,1.0
2343,7905,13,0.991911,0.87655,1.3333333333333335,1.3333333333333335,1.0
2743,12994,13,0.989594,0.797326,1.3333333333333335,1.3333333333333335,1.0
967,38041,13,0.957378,0.944494,1.6666666666666667,1.6666666666666667,1.0
1257,7125,13,0.633988,0.050387,1.4142135623730951,1.4142135623730951,1.0
3511,61244,13,0.528514,0.223637,1.9436506316151003,1.9436506316151003,1.0
2848,2915,13,0.622811,0.4917,1.9436506316151003,1.9436506316151003,1.0
3244,1675,13,0.709793,0.006836,1.4142135623730951,1.4142135623730951,1.0
664,59913,13,0.630717,0.005777,1.4142135623730951,1.4142135623730951,1.0
3087,8580,13,0.983671,0.945914,1.4142135623730951,1.4142135623730951,1.0
3390,61102,13,0.573652,0.344381,1.9436506316151003,1.9436506316151003,1.0
1071,1441,13,0.658783,0.255424,1.6666666666666667,1.6666666666666667,1.0
113,2068,13,0.868146,0.402833,1.4142135623730951,1.4142135623730951,1.0
1383,7283,14,0.822095,0.006543,1.3333333333333335,1.3333333333333335,1.0
83,60997,14,0.901938,0.742146,1.3333333333333335,1.3333333333333335,1.0
723,643492,14,0.742265,0.004105,1.3333333333333335,1.3333333333333335,1.0
721,6600,14,0.742447,0.004035,1.3333333333333335,1.3333333333333335,1.0
1040,2388,14,0.95509,0.112704,1.3333333333333335,1.3333333333333335,1.0
2814,60561,14,0.886809,0.071274,1.3333333333333335,1.3333333333333335,1.0
3242,2026,14,0.8654,0.348451,1.3333333333333335,1.3333333333333335,1.0
3101,5129,14,0.892659,0.711813,1.3333333333333335,1.3333333333333335,1.0
264,6041,14,0.968537,0.511461,1.3333333333333335,1.3333333333333335,1.0
2958,8434,14,0.758847,0.00677,1.3333333333333335,1.3333333333333335,1.0
526,6387,14,0.866238,0.68144,1.4142135623730951,1.4142135623730951,1.0
1869,60314,14,0.970309,0.938766,1.4142135623730951,1.4142135623730951,1.0
2645,28962,14,0.870879,0.665146,1.6666666666666667,1.6666666666666667,1.0
3380,9307,14,0.74835,0.724891,1.9436506316151003,1.9436506316151003,1.0
3458,61174,14,0.602925,0.003734,1.4142135623730951,1.4142135623730951,1.0
1819,7654,14,0.877779,0.637927,1.4142135623730951,1.4142135623730951,1.0
705,6583,14,0.660927,0.565943,1.9436506316151003,1.9436506316151003,1.0
3300,3008,14,0.670268,0.066416,1.4142135623730951,1.4142135623730951,1.0
764,5361653,14,0.929828,0.804702,1.4142135623730951,1.4142135623730951,1.0
2309,7875,14,0.949375,0.884209,1.4142135623730951,1.4142135623730951,1.0
1178,60153,15,0.939168,0.888253,1.3333333333333335,1.3333333333333335,1.0
2185,72582,15,0.967278,0.837338,1.3333333333333335,1.3333333333333335,1.0
3291,9108,15,0.587526,0.02269,1.3333333333333335,1.3333333333333335,1.0
668,6535,15,0.764454,0.010951,1.3333333333333335,1.3333333333333335,1.0
2960,8435,15,0.882414,0.022476,1.3333333333333335,1.3333333333333335,1.0
515,59824,15,0.801525,0.091478,1.3333333333333335,1.3333333333333335,1.0
2506,8081,15,0.595539,0.013777,1.3333333333333335,1.3333333333333335,1.0
2912,8368,15,0.940737,0.048673,1.3333333333333335,1.3333333333333335,1.0
989,6849,15,0.780584,0.000944,1.3333333333333335,1.3333333333333335,1.0
800,6673,15,0.714927,0.09086,1.3333333333333335,1.3333333333333335,1.0
3368,61068,15,0.578259,0.578259,2.23606797749979,2.23606797749979,1.0
498,4521669,15,0.994175,0.993344,1.4142135623730951,1.4142135623730951,1.0
2547,8115,15,0.885613,0.130588,1.6666666666666667,1.6666666666666667,1.0
2843,60572,15,0.777043,0.659889,1.9436506316151003,1.9436506316151003,1.0
2765,29074,15,0.859215,0.724696,1.6666666666666667,1.6666666666666667,1.0
1034,6901,15,0.879523,0.878305,1.9436506316151003,1.9436506316151003,1.0
2883,8330,15,0.791247,0.00289,1.4142135623730951,1.4142135623730951,1.0
2791,29117,15,0.704093,0.455869,1.9436506316151003,1.9436506316151003,1.0
3077,8564,15,0.986428,0.918979,1.4142135623730951,1.4142135623730951,1.0
395,6245,15,0.994144,0.993146,1.4142135623730951,1.4142135623730951,1.0
627,6495,16,1.0,0.999945,1.3333333333333335,1.3333333333333335,1.0
268,5148,16,1.0,0.999242,1.3333333333333335,1.3333333333333335,1.0
1477,10447126,16,1.0,0.999972,1.3333333333333335,1.3333333333333335,1.0
819,59999,16,1.0,0.999959,1.3333333333333335,1.3333333333333335,1.0
269,6049,16,1.0,0.999244,1.3333333333333335,1.3333333333333335,1.0
76,141,16,1.0,0.999919,1.3333333333333335,1.3333333333333335,1.0
2931,60635,16,1.0,0.999958,1.3333333333333335,1.3333333333333335,1.0
2878,8322,16,1.0,0.999165,1.3333333333333335,1.3333333333333335,1.0
3241,388363,16,1.0,0.999668,1.3333333333333335,1.3333333333333335,1.0
710,59952,16,1.0,0.998597,1.3333333333333335,1.3333333333333335,1.0
3004,8503,16,1.0,0.999876,1.4142135623730951,1.4142135623730951,1.0
886,6767,16,1.0,0.999974,1.9436506316151003,1.9436506316151003,1.0
673,59928,16,1.0,0.999954,1.9436506316151003,1.9436506316151003,1.0
653,13835294,16,1.0,0.99998,1.9436506316151003,1.9436506316151003,1.0
654,13837303,16,1.0,0.999892,1.4142135623730951,1.4142135623730951,1.0
2829,8254,16,1.0,0.99996,1.9436506316151003,1.9436506316151003,1.0
2881,8329,16,1.0,0.999955,1.9436506316151003,1.9436506316151003,1.0
3056,4512192,16,1.0,0.999899,1.4142135623730951,1.4142135623730951,1.0
385,16736012,16,1.0,0.999823,1.4142135623730951,1.4142135623730951,1.0
2902,60614,16,1.0,0.994871,1.6666666666666667,1.6666666666666667,1.0
2453,8038,17,0.477403,0.091042,1.3333333333333335,1.3333333333333335,1.0
1187,60169,17,0.605675,0.230079,1.3333333333333335,1.3333333333333335,1.0
704,59947,17,0.698283,0.099283,1.3333333333333335,1.3333333333333335,1.0
821,60001,17,0.706975,0.104695,1.3333333333333335,1.3333333333333335,1.0
948,6820,17,0.531711,0.07903,1.3333333333333335,1.3333333333333335,1.0
518,59827,17,0.760948,0.184654,1.3333333333333335,1.3333333333333335,1.0
2154,17215776,17,0.518674,0.131131,1.3333333333333335,1.3333333333333335,1.0
2795,29121,17,0.489347,0.040271,1.3333333333333335,1.3333333333333335,1.0
3092,8584,17,0.857459,0.634828,1.3333333333333335,1.3333333333333335,1.0
510,2849,17,0.439343,0.132181,1.3333333333333335,1.3333333333333335,1.0
646,6515,17,0.66791,0.517823,1.4142135623730951,1.4142135623730951,1.0
368,19968505,17,0.777961,0.722578,1.4142135623730951,1.4142135623730951,1.0
1097,6959,17,0.524747,0.149934,1.4142135623730951,1.4142135623730951,1.0
124,3513,17,0.393502,0.189286,1.6666666666666667,1.6666666666666667,1.0
436,4944,17,0.625645,0.390851,1.4142135623730951,1.4142135623730951,1.0
2905,8355,17,0.483284,0.100353,1.6666666666666667,1.6666666666666667,1.0
2770,29085,17,0.582799,0.384101,1.6666666666666667,1.6666666666666667,1.0
1393,7292,17,0.540626,0.15679,1.4142135623730951,1.4142135623730951,1.0
2586,8144,17,0.750387,0.701391,1.4142135623730951,1.4142135623730951,1.0
977,60088,17,0.585018,0.477478,1.6666666666666667,1.6666666666666667,1.0
2859,8296,18,0.613913,0.130971,1.3333333333333335,1.3333333333333335,1.0
516,59825,18,0.575542,0.14559,1.3333333333333335,1.3333333333333335,1.0
2431,60368,18,0.525236,0.094061,1.3333333333333335,1.3333333333333335,1.0
590,59875,18,0.526057,0.094784,1.3333333333333335,1.3333333333333335,1.0
2425,8020,18,0.650957,0.462914,1.3333333333333335,1.3333333333333335,1.0
2793,5151,18,0.562135,0.282724,1.3333333333333335,1.3333333333333335,1.0
640,305271,18,0.526624,0.095862,1.3333333333333335,1.3333333333333335,1.0
591,6447,18,0.815108,0.65602,1.3333333333333335,1.3333333333333335,1.0
1189,7056,18,0.66176,0.225723,1.3333333333333335,1.3333333333333335,1.0
2551,8119,18,0.570123,0.111029,1.3333333333333335,1.3333333333333335,1.0
381,59546,18,0.528052,0.020635,1.4142135623730951,1.4142135623730951,1.0
3213,60850,18,0.763775,0.757312,1.6666666666666667,1.6666666666666667,1.0
3384,9321,18,0.779397,0.68212,1.4142135623730951,1.4142135623730951,1.0
2139,9189,18,0.723488,0.461193,1.4142135623730951,1.4142135623730951,1.0
1454,91782,18,0.610806,0.220159,1.4142135623730951,1.4142135623730951,1.0
2821,8241,18,0.729609,0.55651,1.4142135623730951,1.4142135623730951,1.0
657,59910,18,0.703191,0.626198,1.6666666666666667,1.6666666666666667,1.0
1642,59437,18,0.699957,0.415382,1.4142135623730951,1.4142135623730951,1.0
2996,8499,18,0.736736,0.607024,1.4142135623730951,1.4142135623730951,1.0
649,6518,18,0.488337,0.436244,1.9436506316151003,1.9436506316151003,1.0
2893,8348,19,0.764958,0.241811,1.3333333333333335,1.3333333333333335,1.0
561,59851,19,0.639179,0.060784,1.3333333333333335,1.3333333333333335,1.0
2747,15016,19,0.907045,0.550793,1.3333333333333335,1.3333333333333335,1.0
2368,4512354,19,0.841983,0.258782,1.3333333333333335,1.3333333333333335,1.0
560,6429,19,0.558649,0.090591,1.3333333333333335,1.3333333333333335,1.0
1381,21159437,19,0.688014,0.365901,1.3333333333333335,1.3333333333333335,1.0
2824,8244,19,0.573395,0.0183,1.3333333333333335,1.3333333333333335,1.0
1276,60194,19,0.754883,0.465775,1.3333333333333335,1.3333333333333335,1.0
2825,8245,19,0.469029,0.006747,1.3333333333333335,1.3333333333333335,1.0
692,59937,19,0.558732,0.094179,1.3333333333333335,1.3333333333333335,1.0
3354,61050,19,0.344009,0.344009,2.23606797749979,2.23606797749979,1.0
2964,86316,19,0.874341,0.751753,1.4142135623730951,1.4142135623730951,1.0
1940,7751,19,0.853394,0.732851,1.4142135623730951,1.4142135623730951,1.0
2891,8345,19,0.753809,0.564644,1.4142135623730951,1.4142135623730951,1.0
1182,2313,19,0.460671,0.336711,1.9436506316151003,1.9436506316151003,1.0
2240,63117,19,0.58616,0.57595,1.9436506316151003,1.9436506316151003,1.0
3047,8541,19,0.746747,0.711151,1.6666666666666667,1.6666666666666667,1.0
780,6664,19,0.810242,0.753009,1.4142135623730951,1.4142135623730951,1.0
4,2928,19,0.423098,0.235733,1.9436506316151003,1.9436506316151003,1.0
2919,8385,19,0.841237,0.452641,1.4142135623730951,1.4142135623730951,1.0
555,59154,20,0.647184,0.470713,1.3333333333333335,1.3333333333333335,1.0
589,6446,20,0.564207,0.215896,1.3333333333333335,1.3333333333333335,1.0
601,59163,20,0.526775,0.10718,1.3333333333333335,1.3333333333333335,1.0
862,6742,20,0.44142,0.012163,1.3333333333333335,1.3333333333333335,1.0
867,60025,20,0.485508,0.11763,1.3333333333333335,1.3333333333333335,1.0
2100,60537,20,0.567642,0.201439,1.3333333333333335,1.3333333333333335,1.0
2105,29149,20,0.568324,0.201696,1.3333333333333335,1.3333333333333335,1.0
2461,6544,20,0.61889,0.016686,1.3333333333333335,1.3333333333333335,1.0
2869,5415748,20,0.702031,0.242632,1.3333333333333335,1.3333333333333335,1.0
3105,60682,20,0.608222,0.349464,1.3333333333333335,1.3333333333333335,1.0
2575,8139,20,0.503992,0.424526,1.9436506316151003,1.9436506316151003,1.0
2982,8481,20,0.716007,0.366826,1.4142135623730951,1.4142135623730951,1.0
937,6812,20,0.65396,0.302146,1.4142135623730951,1.4142135623730951,1.0
2242,63119,20,0.586566,0.578404,1.9436506316151003,1.9436506316151003,1.0
2650,91792,20,0.663413,0.119444,1.4142135623730951,1.4142135623730951,1.0
1880,7698,20,0.73168,0.441438,1.4142135623730951,1.4142135623730951,1.0
1865,7691,20,0.78388,0.568925,1.4142135623730951,1.4142135623730951,1.0
2359,7920,20,0.765816,0.25526,1.4142135623730951,1.4142135623730951,1.0
2514,86111,20,0.622006,0.318582,1.4142135623730951,1.4142135623730951,1.0
434,6290,20,0.742463,0.675022,1.6666666666666667,1.6666666666666667,1.0
185,5901,21,0.695945,0.184441,1.3333333333333335,1.3333333333333335,1.0
626,59893,21,0.597945,0.081168,1.3333333333333335,1.3333333333333335,1.0
898,4143,21,0.721347,0.389471,1.3333333333333335,1.3333333333333335,1.0
938,60062,21,0.76587,0.243563,1.3333333333333335,1.3333333333333335,1.0
2812,151997,21,0.635225,0.081478,1.3333333333333335,1.3333333333333335,1.0
2945,60643,21,0.772988,0.551704,1.3333333333333335,1.3333333333333335,1.0
2839,60570,21,0.75951,0.599529,1.4142135623730951,1.4142135623730951,1.0
3352,61044,21,0.36876,0.36876,2.23606797749979,2.23606797749979,1.0
3265,9039,21,0.611076,0.011369,1.4142135623730951,1.4142135623730951,1.0
2746,14626,21,0.934631,0.818994,1.4142135623730951,1.4142135623730951,1.0
128,5808,21,0.558869,0.132732,1.6666666666666667,1.6666666666666667,1.0
3133,60700,21,0.880836,0.805992,1.4142135623730951,1.4142135623730951,1.0
28,10194105,21,0.740463,0.310606,1.4142135623730951,1.4142135623730951,1.0
1873,60316,21,0.867386,0.782079,1.4142135623730951,1.4142135623730951,1.0
2347,7909,21,0.861188,0.633069,1.4142135623730951,1.4142135623730951,1.0
2955,55042,21,0.655163,0.443044,1.4142135623730951,1.4142135623730951,1.0
159,5851,22,0.653677,0.211969,1.3333333333333335,1.3333333333333335,1.0
554,59848,22,0.488201,0.021794,1.3333333333333335,1.3333333333333335,1.0
2449,8034,22,0.672841,0.387965,1.3333333333333335,1.3333333333333335,1.0
2537,60456,22,0.678423,0.089712,1.3333333333333335,1.3333333333333335,1.0
2049,59467,22,0.863997,0.354608,1.4142135623730951,1.4142135623730951,1.0
2509,60416,22,0.575784,0.153794,1.6666666666666667,1.6666666666666667,1.0
2837,59453,22,0.640853,0.039198,1.4142135623730951,1.4142135623730951,1.0
406,6258,22,0.906295,0.837435,1.4142135623730951,1.4142135623730951,1.0
3012,4510369,22,0.850834,0.539562,1.4142135623730951,1.4142135623730951,1.0
1943,60326,22,0.93256,0.669112,1.4142135623730951,1.4142135623730951,1.0
2079,7865,22,0.883246,0.483136,1.4142135623730951,1.4142135623730951,1.0
2001,7799,22,0.888135,0.540121,1.4142135623730951,1.4142135623730951,1.0
1031,60107,22,0.817682,0.490496,1.4142135623730951,1.4142135623730951,1.0
3422,61134,22,0.363989,0.363989,2.23606797749979,2.23606797749979,1.0
2467,101773,23,0.558123,0.012011,1.3333333333333335,1.3333333333333335,1.0
2098,60535,23,0.495656,0.024662,1.3333333333333335,1.3333333333333335,1.0
531,6397,23,0.6745,0.232071,1.3333333333333335,1.3333333333333335,1.0
609,59884,23,0.7324,0.049724,1.3333333333333335,1.3333333333333335,1.0
2444,58477,23,0.561214,0.189002,1.3333333333333335,1.3333333333333335,1.0
1380,21159436,23,0.524371,0.00401,1.3333333333333335,1.3333333333333335,1.0
2462,8046,23,0.424149,0.003104,1.3333333333333335,1.3333333333333335,1.0
2495,60404,23,0.664099,0.341138,1.3333333333333335,1.3333333333333335,1.0
638,37610,23,0.704041,0.230759,1.3333333333333335,1.3333333333333335,1.0
2888,60597,23,0.61773,0.243925,1.3333333333333335,1.3333333333333335,1.0
552,4229873,23,0.725158,0.448093,1.4142135623730951,1.4142135623730951,1.0
688,2257,23,0.766652,0.386774,1.4142135623730951,1.4142135623730951,1.0
2906,60620,23,0.896207,0.745513,1.4142135623730951,1.4142135623730951,1.0
2376,16498847,23,0.656927,0.149331,1.4142135623730951,1.4142135623730951,1.0
2174,84985,23,0.737879,0.481103,1.6666666666666667,1.6666666666666667,1.0
1275,7149,23,0.735861,0.45171,1.6666666666666667,1.6666666666666667,1.0
2124,9179,23,0.369323,0.369323,2.23606797749979,2.23606797749979,1.0
94,5768,23,0.677243,0.331153,1.6666666666666667,1.6666666666666667,1.0
2250,63133,23,0.680918,0.32537,1.4142135623730951,1.4142135623730951,1.0
2875,58480,23,0.605413,0.28017,1.4142135623730951,1.4142135623730951,1.0
26,5614,24,0.543616,0.220535,1.3333333333333335,1.3333333333333335,1.0
634,59898,24,0.689198,0.273387,1.3333333333333335,1.3333333333333335,1.0
674,6545,24,0.60745,0.010876,1.3333333333333335,1.3333333333333335,1.0
687,59935,24,0.52687,0.021591,1.3333333333333335,1.3333333333333335,1.0
693,59938,24,0.526411,0.021723,1.3333333333333335,1.3333333333333335,1.0
2003,4940743,24,0.869727,0.127832,1.3333333333333335,1.3333333333333335,1.0
2363,4517399,24,0.85699,0.170335,1.3333333333333335,1.3333333333333335,1.0
1653,88389,24,0.876844,0.349497,1.4142135623730951,1.4142135623730951,1.0
3173,60764,24,0.842589,0.839897,1.6666666666666667,1.6666666666666667,1.0
754,71060588,24,0.688398,0.390986,1.6666666666666667,1.6666666666666667,1.0
2436,8026,24,0.48012,0.335503,1.9436506316151003,1.9436506316151003,1.0
2849,60576,24,0.561824,0.170959,1.6666666666666667,1.6666666666666667,1.0
2365,4444561,24,0.861532,0.448591,1.4142135623730951,1.4142135623730951,1.0
602,6456,24,0.479342,0.334529,1.9436506316151003,1.9436506316151003,1.0
3065,4510551,24,0.867466,0.520015,1.4142135623730951,1.4142135623730951,1.0
643,59904,24,0.481914,0.334592,1.9436506316151003,1.9436506316151003,1.0
578,59865,24,0.559035,0.528359,1.9436506316151003,1.9436506316151003,1.0
2479,60397,25,0.656623,0.023946,1.3333333333333335,1.3333333333333335,1.0
2527,60424,25,0.656353,0.023993,1.3333333333333335,1.3333333333333335,1.0
3095,4602,25,0.588589,0.452625,1.9436506316151003,1.9436506316151003,1.0
970,60080,25,0.795021,0.669589,1.4142135623730951,1.4142135623730951,1.0
3152,4510408,25,0.937671,0.775351,1.4142135623730951,1.4142135623730951,1.0
904,21159423,25,0.820379,0.702711,1.4142135623730951,1.4142135623730951,1.0
2724,23095,25,0.95209,0.663391,1.4142135623730951,1.4142135623730951,1.0
2126,60953,25,0.444756,0.444756,2.23606797749979,2.23606797749979,1.0
1872,7696,25,0.931538,0.801276,1.4142135623730951,1.4142135623730951,1.0
218,10183330,25,0.755968,0.512209,1.6666666666666667,1.6666666666666667,1.0
2940,8406,25,0.897707,0.777387,1.4142135623730951,1.4142135623730951,1.0
1707,7542,25,0.949827,0.802081,1.4142135623730951,1.4142135623730951,1.0
558,59850,26,0.755276,0.531517,1.3333333333333335,1.3333333333333335,1.0
570,59859,26,0.899265,0.043649,1.3333333333333335,1.3333333333333335,1.0
571,59860,26,0.688339,0.008178,1.3333333333333335,1.3333333333333335,1.0
1023,5289549,26,0.96841,0.303611,1.3333333333333335,1.3333333333333335,1.0
1091,60130,26,0.738966,0.033088,1.3333333333333335,1.3333333333333335,1.0
2099,60536,26,0.775943,0.005721,1.3333333333333335,1.3333333333333335,1.0
2430,60367,26,0.744175,0.336369,1.3333333333333335,1.3333333333333335,1.0
2555,60467,26,0.971723,0.345401,1.3333333333333335,1.3333333333333335,1.0
2566,60471,26,0.748142,0.297895,1.6666666666666667,1.6666666666666667,1.0
2176,34986782,26,0.802019,0.447166,1.6666666666666667,1.6666666666666667,1.0
2562,23349321,26,0.708769,0.678347,1.9436506316151003,1.9436506316151003,1.0
1870,4940739,26,0.984519,0.913152,1.4142135623730951,1.4142135623730951,1.0
3429,9396,26,0.681199,0.410826,1.6666666666666667,1.6666666666666667,1.0
3430,61141,26,0.657041,0.460237,1.4142135623730951,1.4142135623730951,1.0
1480,7358,26,0.976847,0.907946,1.4142135623730951,1.4142135623730951,1.0
2654,28968,26,0.87455,0.674354,1.4142135623730951,1.4142135623730951,1.0
2456,8042,26,0.978829,0.805146,1.4142135623730951,1.4142135623730951,1.0
557,6427,26,0.708355,0.008465,1.6666666666666667,1.6666666666666667,1.0
117,5800,27,0.80703,0.585904,1.3333333333333335,1.3333333333333335,1.0
690,4641,27,0.763459,0.238791,1.6666666666666667,1.6666666666666667,1.0
2845,60574,27,0.844924,0.668347,1.4142135623730951,1.4142135623730951,1.0
1643,60294,27,0.972708,0.52049,1.4142135623730951,1.4142135623730951,1.0
1527,7405,27,0.893259,0.27348,1.4142135623730951,1.4142135623730951,1.0
67,10218152,27,0.959687,0.946403,1.4142135623730951,1.4142135623730951,1.0
370,58471,27,0.619705,0.442328,1.9436506316151003,1.9436506316151003,1.0
1877,4940740,27,0.978696,0.799273,1.4142135623730951,1.4142135623730951,1.0
200,5935,27,0.890593,0.601275,1.4142135623730951,1.4142135623730951,1.0
1208,5257160,27,0.982602,0.881491,1.4142135623730951,1.4142135623730951,1.0
622,6485,27,0.936382,0.736778,1.4142135623730951,1.4142135623730951,1.0
670,59917,28,0.748045,0.038685,1.3333333333333335,1.3333333333333335,1.0
2102,60539,28,0.857732,0.687244,1.3333333333333335,1.3333333333333335,1.0
3259,60873,28,0.680288,0.427279,1.6666666666666667,1.6666666666666667,1.0
376,59014,28,0.932176,0.893637,1.4142135623730951,1.4142135623730951,1.0
1622,7485,28,0.969864,0.787026,1.4142135623730951,1.4142135623730951,1.0
3534,388534,28,0.956077,0.89329,1.4142135623730951,1.4142135623730951,1.0
3007,60660,28,0.958906,0.751076,1.4142135623730951,1.4142135623730951,1.0
1941,7752,28,0.982341,0.846516,1.4142135623730951,1.4142135623730951,1.0
106,5775,28,0.97599,0.898943,1.4142135623730951,1.4142135623730951,1.0
2119,2056433,28,0.476126,0.001542,1.9436506316151003,1.9436506316151003,1.0
553,59847,28,0.79392,0.40286,1.4142135623730951,1.4142135623730951,1.0
2973,8460,28,0.824089,0.470014,1.6666666666666667,1.6666666666666667,1.0
206,5941,29,0.932583,0.818723,1.3333333333333335,1.3333333333333335,1.0
612,59888,29,0.800501,0.049103,1.3333333333333335,1.3333333333333335,1.0
592,59877,29,0.848919,0.108047,1.6666666666666667,1.6666666666666667,1.0
420,5288491,29,0.987256,0.799623,1.4142135623730951,1.4142135623730951,1.0
414,6273,29,0.992711,0.989666,1.4142135623730951,1.4142135623730951,1.0
3367,9270,29,0.866728,0.076289,1.4142135623730951,1.4142135623730951,1.0
2391,7974,29,0.985603,0.924275,1.4142135623730951,1.4142135623730951,1.0
548,192176,29,0.995553,0.93201,1.4142135623730951,1.4142135623730951,1.0
2816,8228,29,0.729438,0.007235,1.6666666666666667,1.6666666666666667,1.0
1390,7288,29,0.95784,0.675201,1.4142135623730951,1.4142135623730951,1.0
546,6422,29,0.9673,0.890084,1.4142135623730951,1.4142135623730951,1.0
133,4447518,29,0.992408,0.94624,1.4142135623730951,1.4142135623730951,1.0
568,59857,30,0.936023,0.03703,1.3333333333333335,1.3333333333333335,1.0
711,21159417,30,0.689173,0.004321,1.3333333333333335,1.3333333333333335,1.0
2526,103869691,30,0.97419,0.663239,1.3333333333333335,1.3333333333333335,1.0
587,6444,30,0.75026,0.5809,1.9436506316151003,1.9436506316151003,1.0
660,6529,30,0.912758,0.162125,1.4142135623730951,1.4142135623730951,1.0
2094,60534,30,0.68774,0.410245,1.9436506316151003,1.9436506316151003,1.0
2760,58828530,30,0.943501,0.684987,1.4142135623730951,1.4142135623730951,1.0
3117,5256784,30,0.972092,0.894821,1.4142135623730951,1.4142135623730951,1.0
100,5771,30,0.902666,0.25424,1.4142135623730951,1.4142135623730951,1.0
1998,7798,30,0.993534,0.991283,1.4142135623730951,1.4142135623730951,1.0
1640,7495,30,0.983346,0.902255,1.4142135623730951,1.4142135623730951,1.0
1645,7498,30,0.97326,0.339402,1.4142135623730951,1.4142135623730951,1.0
46,83708,30,0.995207,0.982277,1.4142135623730951,1.4142135623730951,1.0
75,5742,31,0.94696,0.31542,1.3333333333333335,1.3333333333333335,1.0
2458,60385,31,0.919619,0.066773,1.3333333333333335,1.3333333333333335,1.0
365,6196,31,0.96699,0.895683,1.4142135623730951,1.4142135623730951,1.0
372,6209,31,0.699743,0.112106,1.4142135623730951,1.4142135623730951,1.0
391,6241,31,0.971468,0.941723,1.4142135623730951,1.4142135623730951,1.0
2129,9181,31,0.663967,0.003001,1.9436506316151003,1.9436506316151003,1.0
2137,13836500,31,0.665246,0.016462,2.0,2.0,1.0
2494,8069,31,0.991977,0.991827,1.4142135623730951,1.4142135623730951,1.0
2894,11341369,31,0.826587,0.034894,1.6666666666666667,1.6666666666666667,1.0
3248,36551,31,0.653063,0.653063,2.23606797749979,2.23606797749979,1.0
131,3288,32,1.0,0.961425,1.3333333333333335,1.3333333333333335,1.0
2108,60540,32,1.0,0.718966,1.3333333333333335,1.3333333333333335,1.0
3506,61239,32,1.0,0.999967,1.6666666666666667,1.6666666666666667,1.0
3121,60692,32,1.0,0.995409,1.4142135623730951,1.4142135623730951,1.0
2804,60550,32,1.0,0.999958,1.9436506316151003,1.9436506316151003,1.0
661,6530,32,1.0,0.99958,1.4142135623730951,1.4142135623730951,1.0
2097,29146,32,1.0,0.997697,1.4142135623730951,1.4142135623730951,1.0
583,59871,32,1.0,0.999954,1.4142135623730951,1.4142135623730951,1.0
2095,29144,32,1.0,0.999952,1.9436506316151003,1.9436506316151003,1.0
2758,29054,32,1.0,0.999987,1.4142135623730951,1.4142135623730951,1.0
2895,60603,32,1.0,0.873134,1.6666666666666667,1.6666666666666667,1.0
1646,60296,32,1.0,0.857823,1.4142135623730951,1.4142135623730951,1.0
99,10469370,33,0.606121,0.039135,1.3333333333333335,1.3333333333333335,1.0
569,6434,33,0.416188,0.101885,1.3333333333333335,1.3333333333333335,1.0
2109,60541,33,0.417424,0.10705,1.3333333333333335,1.3333333333333335,1.0
373,59008,33,0.608044,0.519803,1.4142135623730951,1.4142135623730951,1.0
388,58472,33,0.723155,0.639128,1.4142135623730951,1.4142135623730951,1.0
416,59601,33,0.728656,0.601451,1.4142135623730951,1.4142135623730951,1.0
417,59602,33,0.728003,0.600722,1.4142135623730951,1.4142135623730951,1.0
588,6445,33,0.402242,0.0355,1.6666666666666667,1.6666666666666667,1.0
663,4447652,33,0.718039,0.625212,1.4142135623730951,1.4142135623730951,1.0
1389,60233,33,0.444086,0.09373,1.6666666666666667,1.6666666666666667,1.0
2201,10393,33,0.727663,0.562172,1.4142135623730951,1.4142135623730951,1.0
2806,58916,33,0.541267,0.191752,1.4142135623730951,1.4142135623730951,1.0
3539,20155928,33,0.407408,0.060406,1.6666666666666667,1.6666666666666667,1.0
53,2612,34,0.660557,0.61371,1.6666666666666667,1.6666666666666667,1.0
126,77987,34,0.665639,0.587661,1.4142135623730951,1.4142135623730951,1.0
549,6425,34,0.488793,0.121953,1.4142135623730951,1.4142135623730951,1.0
572,6435,34,0.377073,0.073669,1.6666666666666667,1.6666666666666667,1.0
585,59161,34,0.454013,0.047529,1.6666666666666667,1.6666666666666667,1.0
878,60029,34,0.708537,0.647793,1.4142135623730951,1.4142135623730951,1.0
2111,29155,34,0.446629,0.38954,1.9436506316151003,1.9436506316151003,1.0
2877,60588,34,0.414206,0.08748,1.6666666666666667,1.6666666666666667,1.0
2103,4510563,35,0.502726,0.087494,1.3333333333333335,1.3333333333333335,1.0
371,6208,35,0.709237,0.650251,1.4142135623730951,1.4142135623730951,1.0
426,6282,35,0.613022,0.366883,1.4142135623730951,1.4142135623730951,1.0
547,6423,35,0.604546,0.297586,1.4142135623730951,1.4142135623730951,1.0
579,59867,35,0.494162,0.031112,1.6666666666666667,1.6666666666666667,1.0
2130,60955,35,0.305317,0.02649,1.9436506316151003,1.9436506316151003,1.0
2688,28990,35,0.784492,0.388098,1.4142135623730951,1.4142135623730951,1.0
3254,60866,35,0.294937,0.294937,2.23606797749979,2.23606797749979,1.0
2420,8015,36,0.449969,0.379418,1.9436506316151003,1.9436506316151003,1.0
2427,60366,36,0.501855,0.475985,1.9436506316151003,1.9436506316151003,1.0
3176,60773,36,0.507708,0.477147,1.9436506316151003,1.9436506316151003,1.0
2813,8216,36,0.488015,0.067173,1.6666666666666667,1.6666666666666667,1.0
392,6242,36,0.586504,0.210795,1.4142135623730951,1.4142135623730951,1.0
573,59861,36,0.46627,0.055257,1.6666666666666667,1.6666666666666667,1.0
3517,61251,36,0.5628,0.288452,1.4142135623730951,1.4142135623730951,1.0
2092,60532,36,0.502029,0.464563,1.9436506316151003,1.9436506316151003,1.0
635,16735966,36,0.458097,0.35697,1.9436506316151003,1.9436506316151003,1.0
2422,55001,36,0.717009,0.645794,1.4142135623730951,1.4142135623730951,1.0
580,59868,37,0.548996,0.523276,1.9436506316151003,1.9436506316151003,1.0
3255,60867,37,0.346265,0.037463,1.9436506316151003,1.9436506316151003,1.0
220,2301699,38,0.796616,0.115902,1.3333333333333335,1.3333333333333335,1.0
2090,4511054,38,0.504598,0.442664,1.9436506316151003,1.9436506316151003,1.0
3247,71305,38,0.344103,0.344103,2.23606797749979,2.23606797749979,1.0
3256,60868,38,0.344212,0.344212,2.23606797749979,2.23606797749979,1.0
3505,61238,38,0.602285,0.268775,1.4142135623730951,1.4142135623730951,1.0
3428,61140,39,0.637073,0.402378,1.4142135623730951,1.4142135623730951,1.0
940,60065,40,0.655756,0.453321,1.4142135623730951,1.4142135623730951,1.0
2089,29140,40,0.599491,0.241052,1.4142135623730951,1.4142135623730951,1.0
3260,13836523,40,0.327243,0.007621,2.0,2.0,1.0
3442,61158,40,0.593708,0.163856,1.4142135623730951,1.4142135623730951,1.0
2421,60363,42,0.800887,0.638045,1.4142135623730951,1.4142135623730951,1.0
2441,20155926,42,0.574792,0.515843,1.9436506316151003,1.9436506316151003,1.0
3158,4444362,43,0.575973,0.006263,1.4142135623730951,1.4142135623730951,1.0
3427,61139,43,0.38254,0.046046,1.9436506316151003,1.9436506316151003,1.0
927,6801,44,0.66576,0.324481,1.4142135623730951,1.4142135623730951,1.0
2440,20137935,44,0.635889,0.318371,1.4142135623730951,1.4142135623730951,1.0
3257,60869,44,0.365114,0.365114,2.23606797749979,2.23606797749979,1.0
195,5918,45,0.80454,0.712727,1.4142135623730951,1.4142135623730951,1.0
2764,29073,47,0.819806,0.678998,1.4142135623730951,1.4142135623730951,1.0
3234,4446726,47,0.891393,0.70935,1.4142135623730951,1.4142135623730951,1.0
42,17215925,48,0.606419,0.125811,1.3333333333333335,1.3333333333333335,1.0
686,79067,48,0.731228,0.152026,1.3333333333333335,1.3333333333333335,1.0
2138,60965,49,0.421897,0.034997,2.0,2.0,1.0
2428,8021,50,0.662341,0.025362,1.6666666666666667,1.6666666666666667,1.0
3358,61055,50,0.445396,0.445396,2.23606797749979,2.23606797749979,1.0
2096,4515042,51,0.710108,0.012135,1.6666666666666667,1.6666666666666667,1.0
2113,60544,51,0.71012,0.012089,1.6666666666666667,1.6666666666666667,1.0
2835,8263,51,0.685039,0.015244,1.6666666666666667,1.6666666666666667,1.0
2112,60542,52,0.676603,0.01145,1.6666666666666667,1.6666666666666667,1.0
3106,559059,53,0.886119,0.097463,1.3333333333333335,1.3333333333333335,1.0
266,389987,54,0.954775,0.852479,1.4142135623730951,1.4142135623730951,1.0
3527,71343,58,0.57057,0.014576,2.0,2.0,1.0
2625,4593733,63,0.998422,0.956746,1.4142135623730951,1.4142135623730951,1.0
3235,4445197,63,0.991057,0.990361,1.4142135623730951,1.4142135623730951,1.0
