molecule_id,chemSpiderId,len_molecule,valid_prob,sol_prob,d_min,d_min_cl,degeneracy,find_rate
2748,274,3,0.92267,0.783862,0.0,0.0,2,1.0
154,5837,3,0.714298,0.524169,1.490712,1.490712,1,1.0
3156,8682,3,0.910203,0.843395,1.290995,1.290995,2,1.0
192,278,3,0.857052,0.605928,0.333333,0.333333,1,1.0
298,6110,3,0.94039,0.82098,1.0,1.0,1,1.0
3322,9243,3,0.686388,0.607428,1.247219,1.247219,1,1.0
2380,7956,3,0.63249,0.60653,1.054093,1.054093,2,1.0
3485,9481,3,0.86248,0.795171,0.869227,0.869227,2,1.0
299,1039,3,0.7864,0.742287,1.145038,1.145038,2,1.0
2379,7954,3,0.588806,0.541292,1.247219,1.247219,2,1.0
290,2916,3,0.935692,0.88431,1.247219,1.247219,2,1.0
86,1143,4,0.98104,0.601369,0.0,0.0,1,1.0
155,173,4,0.984559,0.642767,0.0,0.0,1,1.0
193,171,4,0.980935,0.513827,0.0,0.0,1,1.0
230,175,4,0.966314,0.584975,0.0,0.0,1,1.0
313,6127,4,0.971073,0.548347,0.0,0.0,1,1.0
317,6131,4,0.983067,0.64202,0.0,0.0,1,1.0
3323,9246,4,0.990029,0.695059,0.0,0.0,1,1.0
2752,29036,4,0.98568,0.847816,1.105541,1.105541,3,1.0
1726,21106015,4,0.981007,0.623348,0.816497,0.816497,1,1.0
1738,7572,4,0.987522,0.888488,0.333333,0.333333,2,1.0
147,1512,4,0.993336,0.618128,0.816497,0.816497,1,1.0
1737,13835235,4,0.979029,0.826732,0.816497,0.816497,2,1.0
1720,11719,4,0.938778,0.846756,1.105541,1.105541,2,1.0
1718,7556,4,0.984278,0.622833,1.247219,1.247219,2,1.0
179,2005981,4,0.987989,0.636073,0.447214,0.447214,1,1.0
2696,512,4,0.97473,0.632896,0.333333,0.333333,1,1.0
1719,7557,4,0.980749,0.670556,1.1547,1.1547,2,1.0
98,2275,5,0.926201,0.417333,0.0,0.0,1,1.0
469,6330,5,0.771287,0.565026,0.0,0.0,1,1.0
2259,12588,5,0.905527,0.606333,0.0,0.0,1,1.0
472,6334,5,0.812999,0.565497,0.0,0.0,1,1.0
1913,7731,5,0.867956,0.591357,0.0,0.0,1,1.0
3519,61254,5,0.889317,0.528507,0.0,0.0,1,1.0
3218,55053,5,0.830091,0.419516,0.0,0.0,1,1.0
2407,21106125,5,0.902993,0.443927,0.0,0.0,1,1.0
3370,9282,5,0.925605,0.516511,0.0,0.0,1,1.0
3100,10205670,5,0.932365,0.635682,0.0,0.0,1,1.0
260,258,5,0.783618,0.418309,0.816497,0.816497,1,1.0
1911,13837190,5,0.865891,0.744139,0.745356,0.745356,2,1.0
473,2005980,5,0.786635,0.551459,0.447214,0.447214,1,1.0
3373,9284,5,0.80709,0.560423,1.054093,1.054093,4,1.0
1909,7727,5,0.741619,0.609584,0.745356,0.745356,1,1.0
182,5894,5,0.909405,0.588397,1.0,1.0,1,1.0
64,5730,5,0.939434,0.789373,1.054093,1.054093,4,1.0
3204,8900,5,0.815958,0.419268,1.054093,1.054093,2,1.0
460,13849260,5,0.296842,0.17598,1.290995,1.290995,3,1.0
3372,61073,5,0.936493,0.675682,1.054093,1.054093,4,1.0
484,21106100,6,0.948175,0.703301,0.0,0.0,1,1.0
492,6348,6,0.883764,0.596063,0.0,0.0,1,1.0
1168,7029,6,0.944353,0.353829,0.0,0.0,1,1.0
1169,7030,6,0.959136,0.342371,0.0,0.0,1,1.0
481,6341,6,0.918237,0.542893,0.0,0.0,1,1.0
2210,11526,6,0.924984,0.262386,0.0,0.0,1,1.0
1159,54945,6,0.93296,0.34596,0.0,0.0,1,1.0
1160,7022,6,0.932271,0.253146,0.0,0.0,1,1.0
1153,7016,6,0.872994,0.548862,0.0,0.0,1,1.0
1775,7611,6,0.945858,0.559157,0.0,0.0,1,1.0
2700,29000,6,0.837354,0.715113,0.816497,0.816497,2,1.0
1975,7782,6,0.896371,0.239731,0.333333,0.333333,1,1.0
167,1577,6,0.884929,0.329485,1.0,1.0,1,1.0
2384,21106133,6,0.902498,0.507875,0.471404,0.471404,1,1.0
350,6170,6,0.826697,0.619661,0.333333,0.333333,1,1.0
2172,10340,6,0.937401,0.479286,0.333333,0.333333,1,1.0
138,2971,6,0.968531,0.228995,0.730297,0.730297,1,1.0
2264,71441,6,0.46194,0.405874,1.238278,1.238278,2,1.0
1765,7601,6,0.830756,0.535785,1.105541,1.105541,1,1.0
347,6168,6,0.900723,0.666121,1.054093,1.054093,3,1.0
1891,7706,7,0.979144,0.456191,0.0,0.0,1,1.0
355,6178,7,0.976912,0.631369,0.0,0.0,1,1.0
1600,7464,7,0.948296,0.425546,0.0,0.0,1,1.0
3339,13870615,7,0.956771,0.438499,0.0,0.0,1,1.0
3232,597,7,0.964003,0.234323,0.0,0.0,1,1.0
1889,30037,7,0.947947,0.590555,0.0,0.0,1,1.0
352,6175,7,0.963847,0.652807,0.0,0.0,1,1.0
1788,59444,7,0.948806,0.390055,0.0,0.0,1,1.0
1882,7699,7,0.891771,0.638001,0.0,0.0,1,1.0
1601,7465,7,0.974621,0.356872,0.0,0.0,1,1.0
2034,7827,7,0.883085,0.646975,0.869227,0.869227,2,1.0
2031,21106016,7,0.972275,0.626319,0.745356,0.745356,2,1.0
1890,7705,7,0.912119,0.585102,0.471404,0.471404,1,1.0
2020,13839441,7,0.96585,0.58273,0.816497,0.816497,2,1.0
1743,7578,7,0.971855,0.072915,0.816497,0.816497,1,1.0
1844,13874733,7,0.936972,0.251405,1.054093,1.054093,3,1.0
2766,13835293,7,0.927832,0.535742,0.745356,0.745356,2,1.0
3331,55055,7,0.969273,0.478753,1.054093,1.054093,3,1.0
2027,13835401,7,0.764045,0.273657,1.290995,1.290995,2,1.0
2025,60452,7,0.933673,0.476571,1.290995,1.290995,3,1.0
3404,61113,8,0.991076,0.679811,0.0,0.0,1,1.0
1929,7745,8,0.981136,0.522545,0.0,0.0,2,1.0
3376,61077,8,0.985804,0.606647,0.0,0.0,1,1.0
1199,7065,8,0.989998,0.265698,0.0,0.0,1,1.0
1607,7473,8,0.985051,0.413688,0.0,0.0,1,1.0
2699,28997,8,0.990946,0.463272,0.0,0.0,1,1.0
2714,4575589,8,0.988913,0.448497,0.0,0.0,2,1.0
3562,9567,8,0.995135,0.354107,0.0,0.0,1,1.0
1930,1078,8,0.980674,0.4565,0.0,0.0,2,1.0
2268,21171737,8,0.985528,0.367085,0.0,0.0,1,1.0
1713,13836520,8,0.990276,0.281618,0.471404,0.471404,1,1.0
361,6191,8,0.988884,0.823916,1.054093,1.054093,8,1.0
3385,9326,8,0.989831,0.337464,0.471404,0.471404,1,1.0
3394,9350,8,0.993536,0.422575,0.471404,0.471404,1,1.0
1803,13875356,8,0.974928,0.337496,1.054093,1.054093,6,1.0
1107,13875281,8,0.984065,0.116487,1.0,1.0,2,1.0
3034,8528,8,0.976111,0.161383,1.054093,1.054093,3,1.0
1343,7241,8,0.966888,0.397745,1.054093,1.054093,7,1.0
3229,8962,8,0.982109,0.413036,1.0,1.0,2,1.0
366,21106164,8,0.977406,0.280245,0.745356,0.745356,1,1.0
2231,11559,9,0.935564,0.040889,0.0,0.0,1,1.0
1699,215929,9,0.704782,0.502117,0.0,0.0,1,1.0
1259,7127,9,0.943675,0.554765,0.0,0.0,2,1.0
2273,63893,9,0.94026,0.274206,0.0,0.0,2,1.0
250,6026,9,0.919642,0.276006,0.0,0.0,1,1.0
3018,8514,9,0.883939,0.326147,0.0,0.0,1,1.0
1757,59442,9,0.93419,0.182005,0.0,0.0,1,1.0
51,2241,9,0.892041,0.396348,0.0,0.0,1,1.0
3525,61256,9,0.938976,0.529931,0.0,0.0,1,1.0
1619,7482,9,0.788452,0.40423,0.0,0.0,1,1.0
3021,8519,9,0.643084,0.46992,0.649786,0.649786,1,1.0
2778,21159488,9,0.758157,0.682286,0.333333,0.333333,2,1.0
1751,7584,9,0.657936,0.565446,0.557773,0.557773,2,1.0
1500,7383,9,0.599044,0.058567,1.054093,1.054093,2,1.0
2737,441,9,0.71595,0.617573,0.333333,0.333333,1,1.0
3190,60826,9,0.895878,0.272197,0.802773,0.802773,2,1.0
2274,63896,9,0.583681,0.269937,1.054093,1.054093,9,1.0
197,5931,9,0.921246,0.4652,0.333333,0.333333,2,1.0
1834,7667,9,0.785247,0.301589,1.0,1.0,3,1.0
745,6628,9,0.623764,0.051079,1.0,1.0,2,1.0
1212,7076,10,0.914072,0.262343,0.0,0.0,1,1.0
1704,13882938,10,0.931057,0.196171,0.0,0.0,1,1.0
3238,2006502,10,0.967571,0.307125,0.0,0.0,2,1.0
2234,62464,10,0.953503,0.184498,0.0,0.0,1,1.0
3073,8568,10,0.938955,0.383575,0.0,0.0,1,1.0
396,91747,10,0.927146,0.247685,0.0,0.0,1,1.0
2498,8070,10,0.944074,0.257757,0.0,0.0,1,1.0
2733,370,10,0.8291,0.440433,0.0,0.0,1,1.0
803,6675,10,0.954961,0.347599,0.0,0.0,1,1.0
1063,6931,10,0.773905,0.541557,0.0,0.0,1,1.0
1588,21105859,10,0.930213,0.268781,0.333333,0.333333,1,1.0
1304,7191,10,0.732213,0.227866,1.054093,1.054093,5,1.0
430,6286,10,0.913889,0.397168,0.745356,0.745356,2,1.0
1067,6933,10,0.917786,0.140744,0.333333,0.333333,1,1.0
2988,8488,10,0.843484,0.662573,0.942809,0.942809,8,1.0
1142,21106163,10,0.797205,0.085311,1.0,1.0,2,1.0
3128,608157,10,0.947023,0.410771,0.557773,0.557773,2,1.0
3514,9499,10,0.925822,0.493316,0.333333,0.333333,2,1.0
2287,13657,10,0.885835,0.07915,0.745356,0.745356,1,1.0
2284,63907,10,0.969906,0.086558,0.333333,0.333333,1,1.0
3315,61016,11,0.946992,0.344358,0.0,0.0,2,1.0
256,6035,11,0.957103,0.243003,0.0,0.0,1,1.0
833,3933,11,0.965349,0.160211,0.0,0.0,1,1.0
621,6482,11,0.961734,0.220777,0.0,0.0,1,1.0
2634,21159480,11,0.929051,0.155079,0.0,0.0,1,1.0
3310,61006,11,0.96039,0.303736,0.0,0.0,1,1.0
2949,8415,11,0.966662,0.285282,0.0,0.0,1,1.0
3313,64237,11,0.956558,0.055444,0.0,0.0,1,1.0
1204,7069,11,0.952614,0.456684,0.0,0.0,2,1.0
1280,7157,11,0.945749,0.15829,0.0,0.0,1,1.0
1249,7120,11,0.961204,0.088844,0.557773,0.557773,1,1.0
1464,59415,11,0.698716,0.078804,1.054093,1.054093,2,1.0
2951,8418,11,0.885431,0.343219,0.471404,0.471404,1,1.0
1197,199,11,0.948527,0.493206,0.471404,0.471404,3,1.0
2324,13839549,11,0.937745,0.281699,0.745356,0.745356,4,1.0
1310,7199,11,0.941232,0.086911,0.333333,0.333333,1,1.0
2889,8341,11,0.940728,0.265133,0.471404,0.471404,1,1.0
1545,13850344,11,0.901312,0.405137,0.333333,0.333333,1,1.0
3567,9570,11,0.780361,0.196083,1.054093,1.054093,9,1.0
773,6658,11,0.95813,0.064462,0.557773,0.557773,1,1.0
163,54926,12,0.941612,0.1424,0.0,0.0,1,1.0
3107,6715,12,0.975722,0.063683,0.0,0.0,1,1.0
952,60074,12,0.947103,0.14092,0.0,0.0,1,1.0
736,21106112,12,0.961929,0.258855,0.0,0.0,1,1.0
2687,13865630,12,0.946565,0.503098,0.0,0.0,2,1.0
2486,21105897,12,0.952972,0.32119,0.0,0.0,1,1.0
1528,7406,12,0.952496,0.215712,0.0,0.0,1,1.0
828,60009,12,0.960355,0.318051,0.0,0.0,1,1.0
953,6825,12,0.960013,0.027198,0.0,0.0,1,1.0
1492,21105987,12,0.949475,0.247521,0.0,0.0,1,1.0
3172,60763,12,0.867856,0.627087,0.333333,0.333333,2,1.0
3360,61059,12,0.901803,0.425678,1.054093,1.054093,16,1.0
3570,61311,12,0.944732,0.198827,0.333333,0.333333,1,1.0
1314,21106585,12,0.783037,0.293328,1.054093,1.054093,6,1.0
2928,5256,12,0.949066,0.535135,0.447214,0.447214,2,1.0
3269,10430682,12,0.814132,0.184176,1.105541,1.105541,6,1.0
530,6393,12,0.96395,0.052161,0.557773,0.557773,1,1.0
756,6640,12,0.895,0.197108,1.0,1.0,6,1.0
2297,13679,12,0.892063,0.072978,1.0,1.0,2,1.0
798,59989,12,0.962919,0.052472,0.557773,0.557773,1,1.0
1026,60106,13,0.974641,0.215821,0.0,0.0,1,1.0
742,780,13,0.968098,0.357922,0.0,0.0,1,1.0
1557,7428,13,0.913758,0.299382,0.0,0.0,1,1.0
2947,8410,13,0.975389,0.157462,0.0,0.0,1,1.0
3309,2039582,13,0.967921,0.287202,0.0,0.0,1,1.0
3565,61306,13,0.964871,0.186919,0.0,0.0,1,1.0
3244,1675,13,0.974343,0.029256,0.0,0.0,1,1.0
3084,8578,13,0.903275,0.281236,0.0,0.0,1,1.0
1483,7363,13,0.965811,0.268099,0.0,0.0,1,1.0
2082,21079,13,0.973043,0.485886,0.0,0.0,4,1.0
2545,60462,13,0.94712,0.199309,0.333333,0.333333,1,1.0
939,60063,13,0.952898,0.398767,0.333333,0.333333,1,1.0
3025,60666,13,0.866061,0.645056,0.333333,0.333333,2,1.0
926,6800,13,0.932375,0.268525,0.745356,0.745356,2,1.0
784,59982,13,0.926495,0.388171,0.333333,0.333333,1,1.0
791,6669,13,0.962301,0.13436,0.557773,0.557773,1,1.0
2549,60464,13,0.959525,0.263399,0.333333,0.333333,3,1.0
1402,7300,13,0.827777,0.040423,1.0,1.0,1,1.0
717,6593,13,0.854876,0.057268,1.0,1.0,2,1.0
2342,7903,13,0.938998,0.220446,0.93095,0.93095,1,1.0
1190,7057,14,0.981943,0.155318,0.0,0.0,1,1.0
1000,6872,14,0.977116,0.301497,0.0,0.0,1,1.0
1491,7368,14,0.959874,0.106561,0.0,0.0,1,1.0
1945,7757,14,0.925926,0.292961,0.0,0.0,1,1.0
724,59960,14,0.971127,0.330106,0.0,0.0,1,1.0
2013,59462,14,0.981302,0.683787,0.0,0.0,2,1.0
1051,6925,14,0.965114,0.067439,0.0,0.0,1,1.0
732,6611,14,0.973639,0.157757,0.0,0.0,1,1.0
2606,8170,14,0.971396,0.037329,0.0,0.0,1,1.0
142,5824,14,0.978945,0.297985,0.0,0.0,1,1.0
719,6597,14,0.973977,0.302586,0.333333,0.333333,4,1.0
2914,21106121,14,0.97623,0.351166,0.471404,0.471404,2,1.0
616,59167,14,0.96945,0.099508,0.333333,0.333333,1,1.0
1018,6888,14,0.900434,0.19261,1.054093,1.054093,8,1.0
988,60091,14,0.934775,0.115202,1.0,1.0,3,1.0
2814,60561,14,0.968897,0.218503,0.471404,0.471404,1,1.0
2540,8111,14,0.889953,0.192538,1.054093,1.054093,12,1.0
1540,60274,14,0.977932,0.347111,0.333333,0.333333,2,1.0
922,6797,14,0.886083,0.154324,1.0,1.0,3,1.0
3174,60765,14,0.959942,0.531285,0.333333,0.333333,4,1.0
3280,60910,15,0.970621,0.209135,0.0,0.0,2,1.0
2042,60338,15,0.967977,0.233921,0.0,0.0,1,1.0
1178,60153,15,0.98428,0.100051,0.0,0.0,1,1.0
2547,8115,15,0.97717,0.115809,0.0,0.0,1,1.0
2066,7847,15,0.962527,0.376446,0.0,0.0,1,1.0
403,6255,15,0.978895,0.08569,0.0,0.0,1,1.0
800,6673,15,0.980164,0.057903,0.0,0.0,1,1.0
2860,8298,15,0.978239,0.203937,0.0,0.0,1,1.0
997,6869,15,0.979401,0.046069,0.0,0.0,1,1.0
1474,54964,15,0.97653,0.206439,0.0,0.0,1,1.0
702,6577,15,0.97312,0.178769,0.666666,0.666666,2,1.0
2744,29031,15,0.933459,0.441983,0.333333,0.333333,1,1.0
3090,8582,15,0.879848,0.052919,1.290995,1.290995,2,1.0
3362,88462,15,0.981705,0.225771,0.471404,0.471404,1,1.0
605,6466,15,0.983856,0.026797,0.557773,0.557773,1,1.0
3186,8858,15,0.971234,0.33599,0.333333,0.333333,2,1.0
2535,60427,15,0.977319,0.448275,0.745356,0.745356,3,1.0
2765,29074,15,0.982578,0.202247,0.333333,0.333333,2,1.0
534,199342,15,0.982376,0.23166,0.333333,0.333333,1,1.0
923,60048,15,0.961462,0.237811,1.0,1.0,3,1.0
2686,28988,16,0.982345,0.206135,0.0,0.0,4,1.0
2015,7807,16,0.980443,0.216919,0.0,0.0,2,1.0
1001,6873,16,0.996188,0.145193,0.0,0.0,1,1.0
1706,7541,16,0.991792,0.245725,0.0,0.0,2,1.0
1668,7512,16,0.995784,0.344145,0.0,0.0,1,1.0
2881,8329,16,0.989319,0.226508,0.0,0.0,2,1.0
2855,8288,16,0.990739,0.210587,0.0,0.0,2,1.0
2350,60344,16,0.991166,0.470277,0.0,0.0,1,1.0
1368,60224,16,0.991513,0.369249,0.0,0.0,1,1.0
2995,13865454,16,0.988811,0.385838,0.0,0.0,2,1.0
2931,60635,16,0.994941,0.036206,0.557773,0.557773,2,1.0
1417,20285,16,0.968108,0.060399,1.054093,1.054093,4,1.0
906,3177,16,0.990526,0.069795,0.333333,0.333333,1,1.0
875,6755,16,0.98879,0.076189,0.471404,0.471404,1,1.0
1664,392816,16,0.987428,0.281776,0.745356,0.745356,3,1.0
3142,60747,16,0.966903,0.056085,1.054093,1.054093,4,1.0
1461,7341,16,0.996012,0.23261,0.745356,0.745356,3,1.0
509,6369,16,0.990194,0.089303,0.557773,0.557773,2,1.0
2418,8014,16,0.989846,0.007578,0.471404,0.471404,1,1.0
2840,8269,16,0.978339,0.04151,1.0,1.0,2,1.0
1055,60117,17,0.775042,0.152383,0.0,0.0,1,1.0
1538,21159449,17,0.844302,0.107545,0.0,0.0,1,1.0
1038,6912,17,0.925707,0.279377,0.0,0.0,1,1.0
874,6754,17,0.910672,0.005923,0.0,0.0,1,1.0
821,60001,17,0.886271,0.113104,0.0,0.0,1,1.0
2735,29024,17,0.69325,0.271868,0.0,0.0,1,1.0
824,60005,17,0.931463,0.045362,0.0,0.0,1,1.0
1032,6899,17,0.920068,0.106122,0.0,0.0,2,1.0
1052,6926,17,0.873786,0.075921,0.0,0.0,1,1.0
614,6476,17,0.873754,0.275013,0.0,0.0,3,1.0
3540,4510333,17,0.913182,0.068466,0.57735,0.57735,1,1.0
3103,5145,17,0.951899,0.034172,0.557773,0.557773,1,1.0
864,6746,17,0.609607,0.011808,1.0,1.0,2,1.0
1187,60169,17,0.907549,0.096854,0.333333,0.333333,1,1.0
1183,2929,17,0.864924,0.100853,0.471404,0.471404,2,1.0
704,59947,17,0.907244,0.125253,0.333333,0.333333,1,1.0
3102,5137,17,0.895212,0.122363,0.557773,0.557773,3,1.0
518,59827,17,0.863798,0.136576,0.333333,0.333333,1,1.0
3443,61159,17,0.941909,0.071116,0.557773,0.557773,2,1.0
948,6820,17,0.776084,0.110607,0.557773,0.557773,2,1.0
1642,59437,18,0.930153,0.368636,0.0,0.0,2,1.0
199,5304,18,0.940327,0.080177,0.0,0.0,1,1.0
566,4511053,18,0.897898,0.183363,0.0,0.0,2,1.0
2822,8242,18,0.894388,0.130499,0.0,0.0,2,1.0
657,59910,18,0.920859,0.128974,0.0,0.0,2,1.0
2434,8024,18,0.911191,0.308735,0.0,0.0,2,1.0
2485,8061,18,0.92509,0.193324,0.0,0.0,1,1.0
3057,8078903,18,0.742635,0.405696,0.0,0.0,1,1.0
274,6056,18,0.9362,0.025588,0.0,0.0,2,1.0
2859,8296,18,0.894749,0.051046,0.0,0.0,1,1.0
74,5739,18,0.65187,0.019851,1.0,1.0,2,1.0
949,60073,18,0.931107,0.060968,0.333333,0.333333,3,1.0
1003,6874,18,0.829922,0.000124,0.471404,0.471404,1,1.0
499,59620,18,0.940419,0.052938,0.557773,0.557773,1,1.0
946,6815,18,0.794118,0.134387,0.557773,0.557773,2,1.0
1454,91782,18,0.905535,0.087669,0.471404,0.471404,2,1.0
3213,60850,18,0.861312,0.205975,0.745356,0.745356,8,1.0
3441,61156,18,0.86011,0.334027,0.333333,0.333333,2,1.0
987,6848,18,0.639421,0.08551,1.054093,1.054093,12,1.0
3384,9321,18,0.61413,0.11689,1.054093,1.054093,12,1.0
2463,60388,19,0.951668,0.038113,0.0,0.0,2,1.0
1276,60194,19,0.880574,0.087661,0.0,0.0,1,1.0
1425,7317,19,0.947577,0.037058,0.0,0.0,1,1.0
1053,4509792,19,0.857981,0.154423,0.0,0.0,1,1.0
3364,61061,19,0.942732,0.160358,0.0,0.0,2,1.0
3139,8443,19,0.926654,0.096654,0.0,0.0,3,1.0
561,59851,19,0.916276,0.120223,0.0,0.0,2,1.0
2477,60396,19,0.930087,0.119109,0.0,0.0,2,1.0
562,59853,19,0.963554,0.154497,0.0,0.0,2,1.0
1207,7071,19,0.836923,0.505817,0.0,0.0,2,1.0
2525,60421,19,0.934161,0.037566,0.557773,0.557773,1,1.0
692,59937,19,0.921884,0.037599,0.557773,0.557773,2,1.0
695,17967090,19,0.84116,0.136658,0.471404,0.471404,1,1.0
2539,55005,19,0.890359,0.110576,0.333333,0.333333,2,1.0
1370,7266,19,0.830083,0.118469,0.471404,0.471404,1,1.0
2450,8035,19,0.941173,0.041502,0.557773,0.557773,2,1.0
1182,2313,19,0.938521,0.039484,0.471404,0.471404,2,1.0
2369,7928,19,0.51358,0.000537,0.816497,0.816497,1,1.0
2471,60392,19,0.938452,0.024708,0.471404,0.471404,1,1.0
2824,8244,19,0.675903,0.152575,1.054093,1.054093,18,1.0
937,6812,20,0.934023,0.115081,0.0,0.0,2,1.0
589,6446,20,0.956298,0.042667,0.0,0.0,3,1.0
550,6426,20,0.946784,0.172212,0.0,0.0,4,1.0
2461,6544,20,0.937971,0.021493,0.0,0.0,1,1.0
697,6567,20,0.804681,0.168734,0.0,0.0,1,1.0
153,4444105,20,0.805889,0.045148,0.0,0.0,1,1.0
2243,12551,20,0.950178,0.024205,0.0,0.0,2,1.0
2360,4516920,20,0.787608,0.062048,0.0,0.0,1,1.0
885,6764,20,0.846126,0.065541,0.0,0.0,1,1.0
3550,4444448,20,0.940991,0.111624,0.0,0.0,1,1.0
3513,61246,20,0.684882,0.059938,1.054093,1.054093,13,1.0
118,5803,20,0.690061,0.071093,1.054093,1.054093,12,1.0
2241,12549,20,0.864037,0.134011,0.666666,0.666666,3,1.0
2242,63119,20,0.84651,0.029154,0.649786,0.649786,1,1.0
2132,60958,20,0.918146,0.41493,0.745356,0.745356,5,1.0
380,8082871,20,0.782092,0.0644,0.942809,0.942809,3,1.0
2091,60531,20,0.766221,0.061975,1.0,1.0,8,1.0
528,6389,20,0.853873,0.194257,0.333333,0.333333,2,1.0
3421,61133,20,0.962876,0.070757,0.557773,0.557773,1,1.0
1362,91779,20,0.646285,0.274782,0.816497,0.816497,3,1.0
3010,393218,21,0.920123,0.23593,0.0,0.0,1,1.0
2955,55042,21,0.911121,0.016705,0.0,0.0,2,1.0
2839,60570,21,0.888099,0.114811,0.0,0.0,1,1.0
2349,4447491,21,0.853704,0.058994,0.0,0.0,1,1.0
2371,60346,21,0.668781,0.110895,0.0,0.0,1,1.0
1628,7488,21,0.84376,0.273544,0.0,0.0,2,1.0
28,10194105,21,0.921154,0.134743,0.0,0.0,1,1.0
782,59979,21,0.879154,0.073199,0.0,0.0,1,1.0
2802,60549,21,0.915707,0.282326,0.0,0.0,2,1.0
3108,60688,21,0.962234,0.051942,0.0,0.0,2,1.0
3351,9260,21,0.846004,0.288087,1.054093,1.054093,28,1.0
1077,21159428,21,0.935816,0.145192,0.471404,0.471404,2,1.0
85,5754,21,0.28455,0.008541,1.247219,1.247219,1,1.0
1395,60234,21,0.851452,0.0993,0.471404,0.471404,1,1.0
2746,14626,21,0.275,0.000214,1.247219,1.247219,1,1.0
505,6367,21,0.938004,0.041214,0.471404,0.471404,2,1.0
1396,20483879,21,0.714726,0.04338,1.054093,1.054093,10,1.0
2812,151997,21,0.949045,0.100545,0.557773,0.557773,3,1.0
932,60053,21,0.937564,0.056087,0.557773,0.557773,1,1.0
3133,60700,21,0.794827,0.094327,0.447214,0.447214,1,1.0
2443,4444051,22,0.954993,0.030029,0.0,0.0,1,1.0
3011,8508,22,0.840647,0.088405,0.0,0.0,1,1.0
3104,8616,22,0.950242,0.1489,0.0,0.0,2,1.0
2537,60456,22,0.929021,0.008061,0.0,0.0,1,1.0
406,6258,22,0.9178,0.162043,0.0,0.0,4,1.0
2001,7799,22,0.757262,0.045656,0.0,0.0,1,1.0
973,60083,22,0.935357,0.117698,0.0,0.0,1,1.0
2898,60607,22,0.915712,0.048495,0.0,0.0,1,1.0
2858,55032,22,0.944677,0.045774,0.0,0.0,2,1.0
3423,61135,22,0.92589,0.23118,0.0,0.0,1,1.0
2449,8034,22,0.954143,0.004084,0.557773,0.557773,2,1.0
44,5678,22,0.748666,0.009223,1.0,1.0,2,1.0
1360,7259,22,0.95321,0.169481,0.333333,0.333333,3,1.0
1593,7458,22,0.428388,0.007141,1.0,1.0,1,1.0
604,59882,22,0.958196,0.077194,0.557773,0.557773,3,1.0
1359,7258,22,0.739151,0.007825,1.0,1.0,1,1.0
242,6004,22,0.883966,0.18873,0.557773,0.557773,2,1.0
2807,60552,22,0.951672,0.022454,0.557773,0.557773,1,1.0
713,4285,22,0.946553,0.062018,0.333333,0.333333,3,1.0
3177,8777,22,0.752877,0.010157,1.0,1.0,4,1.0
2098,60535,23,0.946792,0.207744,0.0,0.0,4,1.0
574,8081241,23,0.942719,0.111549,0.0,0.0,3,1.0
972,60082,23,0.950431,0.040467,0.0,0.0,1,1.0
688,2257,23,0.93155,0.118148,0.0,0.0,2,1.0
2888,60597,23,0.956433,0.125452,0.0,0.0,2,1.0
235,390099,23,0.863391,0.166355,0.0,0.0,1,1.0
2875,58480,23,0.958015,0.020161,0.0,0.0,1,1.0
2303,4511901,23,0.824271,0.103946,0.0,0.0,1,1.0
2302,7870,23,0.776914,0.087805,0.0,0.0,1,1.0
1866,7692,23,0.906594,0.089827,0.0,0.0,2,1.0
2776,55023,23,0.949389,0.089302,0.471404,0.471404,2,1.0
1380,21159436,23,0.952255,0.010959,0.557773,0.557773,2,1.0
2131,60957,23,0.968724,0.0767,0.557773,0.557773,1,1.0
2462,8046,23,0.937705,0.016895,0.557773,0.557773,3,1.0
2467,101773,23,0.956635,0.006918,0.471404,0.471404,1,1.0
2444,58477,23,0.963172,0.050924,0.557773,0.557773,3,1.0
552,4229873,23,0.895816,0.155342,0.333333,0.333333,2,1.0
2906,60620,23,0.708312,0.101714,1.054093,1.054093,10,1.0
3357,61053,23,0.955386,0.027871,0.557773,0.557773,1,1.0
186,2301267,23,0.950639,0.031338,0.333333,0.333333,1,1.0
2364,7923,24,0.783372,0.2206,0.0,0.0,1,1.0
1654,20143124,24,0.888495,0.184537,0.0,0.0,1,1.0
971,60081,24,0.955731,0.065186,0.0,0.0,1,1.0
644,59905,24,0.956111,0.077455,0.0,0.0,2,1.0
2873,55034,24,0.952722,0.045318,0.0,0.0,3,1.0
3006,8505,24,0.910329,0.143963,0.0,0.0,2,1.0
2849,60576,24,0.935645,0.079121,0.0,0.0,1,1.0
578,59865,24,0.957945,0.030003,0.0,0.0,1,1.0
2852,60577,24,0.963102,0.036582,0.0,0.0,1,1.0
2363,4517399,24,0.688159,0.179514,0.0,0.0,1,1.0
1525,7404,24,0.573198,0.046915,1.054093,1.054093,4,1.0
3078,8570,24,0.954497,0.024352,0.745356,0.745356,1,1.0
2900,8353,24,0.782623,0.071024,1.054093,1.054093,18,1.0
3173,60764,24,0.915159,0.345244,0.333333,0.333333,6,1.0
73,389880,24,0.945189,0.015064,0.333333,0.333333,1,1.0
2480,60398,24,0.952314,0.0107,0.333333,0.333333,1,1.0
1386,10447586,24,0.815692,0.007502,1.0,1.0,2,1.0
3251,60865,24,0.919006,0.408584,0.745356,0.745356,7,1.0
2798,60548,24,0.965364,0.04206,0.471404,0.471404,1,1.0
1456,60254,24,0.422124,0.057101,1.247219,1.247219,6,1.0
2833,8256,25,0.958712,0.109554,0.0,0.0,3,1.0
1872,7696,25,0.884227,0.174108,0.0,0.0,2,1.0
2853,8286,25,0.957838,0.145981,0.0,0.0,3,1.0
2134,60962,25,0.94577,0.136104,0.0,0.0,2,1.0
1463,56701,25,0.961558,0.053675,0.0,0.0,2,1.0
970,60080,25,0.961899,0.035373,0.0,0.0,1,1.0
3055,60670,25,0.883068,0.283466,0.0,0.0,2,1.0
410,6261,25,0.955543,0.185873,0.0,0.0,3,1.0
1451,91781,25,0.91897,0.06599,0.0,0.0,1,1.0
904,21159423,25,0.936884,0.144209,0.0,0.0,1,1.0
877,60028,25,0.943573,0.04256,0.471404,0.471404,2,1.0
3095,4602,25,0.962899,0.066151,0.333333,0.333333,1,1.0
2940,8406,25,0.778983,0.077588,0.471404,0.471404,1,1.0
1173,7033,25,0.945054,0.042397,0.471404,0.471404,2,1.0
2415,8005,25,0.943981,0.111917,0.333333,0.333333,2,1.0
3097,60580,25,0.948963,0.0697,0.333333,0.333333,2,1.0
2805,60551,25,0.841498,0.099466,1.054093,1.054093,12,1.0
1089,6953,25,0.773963,0.152841,0.745356,0.745356,1,1.0
2512,8092,25,0.944063,0.162072,0.471404,0.471404,2,1.0
422,59604,25,0.944433,0.08862,0.666666,0.666666,6,1.0
556,59849,26,0.949559,0.113991,0.0,0.0,3,1.0
2429,8022,26,0.947184,0.123083,0.0,0.0,3,1.0
2093,29142,26,0.953043,0.12811,0.0,0.0,2,1.0
1480,7358,26,0.902937,0.227723,0.0,0.0,2,1.0
2566,60471,26,0.952985,0.048041,0.0,0.0,2,1.0
2562,23349321,26,0.963494,0.07554,0.0,0.0,2,1.0
222,5972,26,0.960857,0.210495,0.0,0.0,4,1.0
1870,4940739,26,0.850236,0.238189,0.0,0.0,1,1.0
2456,8042,26,0.944108,0.068785,0.0,0.0,2,1.0
1649,7500,26,0.893273,0.110893,0.0,0.0,1,1.0
161,5859,26,0.958231,0.181102,0.333333,0.333333,4,1.0
425,21106216,26,0.955929,0.082565,0.333333,0.333333,3,1.0
437,6292,26,0.909412,0.101181,0.333333,0.333333,1,1.0
570,59859,26,0.840245,0.040323,1.0,1.0,4,1.0
1091,60130,26,0.942223,0.194706,0.557773,0.557773,4,1.0
2128,60954,26,0.964014,0.112228,0.557773,0.557773,1,1.0
2176,34986782,26,0.96086,0.104743,0.57735,0.57735,3,1.0
3252,9018,26,0.862366,0.234751,1.054093,1.054093,32,1.0
3425,61137,26,0.968809,0.085006,0.557773,0.557773,1,1.0
3429,9396,26,0.937398,0.344999,0.745356,0.745356,7,1.0
370,58471,27,0.955902,0.01327,0.0,0.0,1,1.0
1208,5257160,27,0.956504,0.177972,0.0,0.0,1,1.0
622,6485,27,0.953822,0.071596,0.0,0.0,2,1.0
415,59600,27,0.953319,0.104931,0.0,0.0,3,1.0
690,4641,27,0.958404,0.045821,0.0,0.0,2,1.0
1877,4940740,27,0.918961,0.099548,0.0,0.0,1,1.0
223,2945,27,0.968174,0.310129,0.0,0.0,5,1.0
636,431981,27,0.969496,0.207693,0.0,0.0,2,1.0
2845,60574,27,0.965324,0.0571,0.0,0.0,1,1.0
1876,59448,27,0.902854,0.096872,0.0,0.0,1,1.0
67,10218152,27,0.852255,0.338805,0.557773,0.557773,2,1.0
117,5800,27,0.963214,0.048336,0.471404,0.471404,2,1.0
777,6662,27,0.952963,0.112479,0.471404,0.471404,2,1.0
2392,60350,27,0.954246,0.039307,0.333333,0.333333,1,1.0
2966,8447,27,0.969778,0.021908,0.745356,0.745356,1,1.0
2102,60539,28,0.96654,0.05486,0.0,0.0,2,1.0
1042,6917,28,0.912058,0.059481,0.0,0.0,2,1.0
3259,60873,28,0.971365,0.077379,0.0,0.0,1,1.0
2457,8043,28,0.931849,0.149011,0.0,0.0,2,1.0
421,54935,28,0.950726,0.041906,0.0,0.0,1,1.0
3154,8678,28,0.941227,0.208447,0.0,0.0,2,1.0
2446,60375,28,0.97016,0.004617,0.0,0.0,1,1.0
2967,4510404,28,0.936882,0.162382,0.0,0.0,2,1.0
553,59847,28,0.957926,0.154285,0.0,0.0,2,1.0
3007,60660,28,0.944979,0.101826,0.0,0.0,2,1.0
236,4444353,28,0.926713,0.088172,0.57735,0.57735,1,1.0
2119,2056433,28,0.967241,0.078835,0.333333,0.333333,1,1.0
3249,13888074,28,0.903425,0.245778,1.054093,1.054093,40,1.0
106,5775,28,0.884949,0.043264,0.57735,0.57735,1,1.0
685,6556,28,0.972777,0.130827,0.471404,0.471404,2,1.0
1004,6875,28,0.889873,0.062813,1.054093,1.054093,20,1.0
3534,388534,28,0.935798,0.032897,0.57735,0.57735,1,1.0
3227,8959,28,0.935685,0.506994,0.745356,0.745356,12,1.0
670,59917,28,0.961648,0.007981,0.557773,0.557773,2,1.0
2808,60554,28,0.961305,0.02242,0.557773,0.557773,1,1.0
206,5941,29,0.973421,0.000719,0.0,0.0,1,1.0
2816,8228,29,0.966798,0.01333,0.0,0.0,2,1.0
1481,7359,29,0.943011,0.144133,0.0,0.0,2,1.0
2638,77310,29,0.946035,0.078054,0.0,0.0,1,1.0
3367,9270,29,0.96278,0.043636,0.0,0.0,1,1.0
1708,7543,29,0.932275,0.087251,0.0,0.0,1,1.0
546,6422,29,0.969948,0.16029,0.0,0.0,4,1.0
32,4445377,29,0.960115,0.104797,0.0,0.0,1,1.0
698,59942,29,0.972875,0.040056,0.0,0.0,1,1.0
3264,9033,29,0.962246,0.078681,0.0,0.0,1,1.0
612,59888,29,0.968643,0.001648,0.333333,0.333333,1,1.0
2245,12569,29,0.941353,0.086736,0.557773,0.557773,2,1.0
2759,60516,29,0.967988,0.031565,0.333333,0.333333,1,1.0
414,6273,29,0.938796,0.124945,0.557773,0.557773,4,1.0
203,2016814,29,0.964042,0.080845,0.666666,0.666666,4,1.0
2390,7973,29,0.949942,0.059917,0.333333,0.333333,1,1.0
2590,8149,29,0.964635,0.101745,0.333333,0.333333,3,1.0
433,6289,29,0.947692,0.450466,0.745356,0.745356,15,1.0
1390,7288,29,0.848238,0.077773,1.054093,1.054093,8,1.0
3253,9019,29,0.965784,0.049527,0.557773,0.557773,1,1.0
2642,28959,30,0.953875,0.126175,0.0,0.0,2,1.0
568,59857,30,0.955283,0.068025,0.0,0.0,2,1.0
3005,8504,30,0.95051,0.056102,0.0,0.0,2,1.0
1645,7498,30,0.956587,0.066237,0.0,0.0,2,1.0
1640,7495,30,0.950608,0.234798,0.0,0.0,2,1.0
2094,60534,30,0.964727,0.033482,0.0,0.0,4,1.0
587,6444,30,0.966761,0.066718,0.0,0.0,2,1.0
584,59872,30,0.968577,0.074771,0.0,0.0,2,1.0
3537,61265,30,0.973334,0.059632,0.0,0.0,2,1.0
2760,58828530,30,0.974982,0.104199,0.0,0.0,3,1.0
46,83708,30,0.951935,0.192331,0.333333,0.333333,2,1.0
711,21159417,30,0.97809,0.015289,0.333333,0.333333,1,1.0
1998,7798,30,0.93686,0.369585,1.290995,1.290995,50,1.0
1999,553635,30,0.919106,0.172751,1.054093,1.054093,12,1.0
3117,5256784,30,0.967617,0.239886,0.333333,0.333333,2,1.0
365,6196,31,0.978617,0.059266,0.0,0.0,2,1.0
2129,9181,31,0.974258,0.15842,0.0,0.0,1,1.0
2458,60385,31,0.984761,0.002582,0.0,0.0,1,1.0
2894,11341369,31,0.979606,0.03048,0.0,0.0,1,1.0
75,5742,31,0.976603,0.006083,0.333333,0.333333,1,1.0
372,6209,31,0.975148,0.019928,0.333333,0.333333,1,1.0
391,6241,31,0.973476,0.176986,0.471404,0.471404,2,1.0
2137,13836500,31,0.964642,0.228291,1.054093,1.054093,36,1.0
2494,8069,31,0.986396,0.196628,0.471404,0.471404,2,1.0
3248,36551,31,0.967832,0.197299,1.054093,1.054093,44,1.0
1646,60296,32,0.995695,0.094035,0.0,0.0,1,1.0
3126,60612,32,0.992166,0.139263,0.0,0.0,2,1.0
586,59874,32,0.983451,0.115332,0.0,0.0,2,1.0
3121,60692,32,0.992512,0.114412,0.0,0.0,3,1.0
131,3288,32,0.987763,0.110328,0.0,0.0,3,1.0
661,6530,32,0.987407,0.110136,0.0,0.0,2,1.0
583,59871,32,0.98314,0.114449,0.0,0.0,2,1.0
2804,60550,32,0.9874,0.093239,0.0,0.0,2,1.0
2097,29146,32,0.985221,0.115143,0.0,0.0,2,1.0
2895,60603,32,0.992136,0.052541,0.0,0.0,2,1.0
3258,60870,32,0.989449,0.322753,0.745356,0.745356,9,1.0
3504,61237,32,0.982758,0.223487,1.054093,1.054093,40,1.0
3506,61239,32,0.988394,0.057892,0.557773,0.557773,1,1.0
388,58472,33,0.734572,0.030458,0.0,0.0,1,1.0
416,59601,33,0.807452,0.115594,0.0,0.0,3,1.0
2201,10393,33,0.811613,0.109486,0.0,0.0,3,1.0
417,59602,33,0.807746,0.115341,0.0,0.0,3,1.0
588,6445,33,0.896425,0.092994,0.0,0.0,4,1.0
1389,60233,33,0.881307,0.043794,0.0,0.0,2,1.0
99,10469370,33,0.905191,0.055781,0.0,0.0,3,1.0
2109,60541,33,0.919493,0.048085,0.0,0.0,2,1.0
3539,20155928,33,0.784299,0.004909,0.0,0.0,1,1.0
663,4447652,33,0.689267,0.134206,0.0,0.0,2,1.0
373,59008,33,0.870772,0.058739,0.333333,0.333333,3,1.0
2806,58916,33,0.463768,0.023442,1.054093,1.054093,13,1.0
126,77987,34,0.721773,0.029322,0.0,0.0,1,1.0
549,6425,34,0.896208,0.089463,0.0,0.0,4,1.0
572,6435,34,0.896833,0.070668,0.0,0.0,4,1.0
585,59161,34,0.90171,0.092455,0.0,0.0,4,1.0
2111,29155,34,0.900319,0.047589,0.0,0.0,2,1.0
2877,60588,34,0.932426,0.002876,0.0,0.0,1,1.0
53,2612,34,0.570533,0.033322,1.054093,1.054093,14,1.0
878,60029,34,0.726135,0.048117,0.471404,0.471404,3,1.0
547,6423,35,0.883564,0.009569,0.0,0.0,1,1.0
579,59867,35,0.877165,0.079643,0.0,0.0,3,1.0
2103,4510563,35,0.900138,0.091164,0.0,0.0,4,1.0
2688,28990,35,0.78958,0.105759,0.0,0.0,2,1.0
371,6208,35,0.895637,0.113393,0.333333,0.333333,3,1.0
426,6282,35,0.83575,0.112615,0.333333,0.333333,3,1.0
2130,60955,35,0.919489,0.015222,0.557773,0.557773,1,1.0
3254,60866,35,0.894784,0.019431,0.557773,0.557773,1,1.0
573,59861,36,0.932799,0.062471,0.0,0.0,4,1.0
2092,60532,36,0.839819,0.053809,0.0,0.0,2,1.0
2420,8015,36,0.827402,0.016702,0.0,0.0,2,1.0
2422,55001,36,0.794778,0.043485,0.0,0.0,2,1.0
2426,55002,36,0.834585,0.060096,0.0,0.0,2,1.0
2427,60366,36,0.835832,0.053636,0.0,0.0,2,1.0
2813,8216,36,0.897901,0.07609,0.0,0.0,4,1.0
392,6242,36,0.879032,0.077143,0.557773,0.557773,8,1.0
635,16735966,36,0.913893,0.121033,0.471404,0.471404,12,1.0
3176,60773,36,0.674405,0.022152,1.0,1.0,12,1.0
3517,61251,36,0.860758,0.210328,0.557773,0.557773,8,1.0
580,59868,37,0.87944,0.024761,0.0,0.0,2,1.0
3255,60867,37,0.868503,0.018857,0.0,0.0,1,1.0
2090,4511054,38,0.885576,0.01096,0.0,0.0,2,1.0
3505,61238,38,0.940407,0.024956,0.0,0.0,1,1.0
220,2301699,38,0.906393,0.045611,0.333333,0.333333,2,1.0
3247,71305,38,0.712274,0.124528,1.054093,1.054093,56,1.0
3256,60868,38,0.725062,0.126823,1.054093,1.054093,48,1.0
3428,61140,39,0.939595,0.021655,0.0,0.0,1,1.0
940,60065,40,0.947984,0.081615,0.0,0.0,4,1.0
2089,29140,40,0.91938,0.029317,0.0,0.0,2,1.0
3442,61158,40,0.939594,0.0257,0.0,0.0,1,1.0
3260,13836523,40,0.749927,0.138399,1.054093,1.054093,48,1.0
2421,60363,42,0.848484,0.110804,0.0,0.0,2,1.0
2441,20155926,42,0.939552,0.013388,0.333333,0.333333,2,1.0
3158,4444362,43,0.946085,0.026962,0.0,0.0,1,1.0
3427,61139,43,0.900411,0.022048,0.0,0.0,1,1.0
927,6801,44,0.946962,0.051752,0.0,0.0,2,1.0
2440,20137935,44,0.941591,0.006064,0.333333,0.333333,1,1.0
3257,60869,44,0.83492,0.139794,1.054093,1.054093,56,1.0
195,5918,45,0.921225,0.020237,0.0,0.0,2,1.0
2764,29073,47,0.951229,0.043483,0.0,0.0,8,1.0
3234,4446726,47,0.771734,0.020392,0.0,0.0,1,1.0
42,17215925,48,0.951845,0.005283,0.0,0.0,1,1.0
686,79067,48,0.942117,0.008957,0.0,0.0,2,1.0
2138,60965,49,0.860964,0.126743,1.054093,1.054093,60,1.0
2428,8021,50,0.947748,0.090345,0.0,0.0,6,1.0
3358,61055,50,0.871708,0.116073,1.054093,1.054093,64,1.0
2096,4515042,51,0.943732,0.060771,0.0,0.0,6,1.0
2113,60544,51,0.942665,0.053216,0.0,0.0,6,1.0
2835,8263,51,0.947496,0.053916,0.0,0.0,6,1.0
2112,60542,52,0.943757,0.066452,0.0,0.0,5,1.0
3106,559059,53,0.964294,0.024222,0.0,0.0,2,1.0
266,389987,54,0.946007,0.022097,0.0,0.0,1,1.0
3527,71343,58,0.936813,0.116161,1.054093,1.054093,72,1.0
2625,4593733,63,0.983116,0.039871,0.0,0.0,3,1.0
3235,4445197,63,0.976407,0.040402,0.0,0.0,2,1.0
